,median_no_opt,median_opt,median_speedup,median_speedup_excluding_model_training,opt_original_pipeline_estimated,variant_count_including_orig,max_possible_speedup,scenario,dataset,data_loading,featurization,model
0,1062.38,1071.82,0.99,0.97,400.72,2,1.0,operator_impact,cardio,fast_loading,featurization_0,logistic_regression
0,10687.28,10733.35,1.0,0.98,5255.19,2,1.0,operator_impact,cardio,fast_loading,featurization_0,neural_network
0,1966.87,1969.85,1.0,0.99,844.37,2,1.0,operator_impact,cardio,fast_loading,featurization_0,xgboost
0,3146.19,3121.97,1.01,1.02,1306.48,2,1.0,operator_impact,folktables,fast_loading,featurization_0,logistic_regression
0,3211.05,3165.98,1.01,1.04,1343.34,2,1.0,operator_impact,folktables,slow_loading,featurization_0,logistic_regression
0,7434.22,7336.14,1.01,1.04,3358.81,2,1.0,operator_impact,folktables,fast_loading,featurization_0,neural_network
0,1086.87,1057.46,1.03,1.04,390.32,2,1.0,operator_impact,cardio,slow_loading,featurization_0,logistic_regression
0,7700.96,7601.52,1.01,1.04,3435.3,2,1.0,operator_impact,folktables,slow_loading,featurization_0,neural_network
0,3384.78,3311.23,1.02,1.07,1413.7,2,1.0,operator_impact,folktables,slow_loading,featurization_0,xgboost
0,3532.93,3466.83,1.02,1.1,1395.32,2,1.0,operator_impact,folktables,fast_loading,featurization_0,xgboost
0,2186.72,2119.57,1.03,1.15,939.2,2,1.0,operator_impact,cardio,slow_loading,featurization_0,xgboost
0,240414.16,234690.96,1.02,1.21,4524.25,43,21.5,data_cleaning,cardio,fast_loading,featurization_2,neural_network
0,60956.72,56077.57,1.09,1.26,745.76,43,21.5,data_cleaning,cardio,fast_loading,featurization_0,xgboost
0,38584.3,33687.19,1.15,1.26,310.72,43,21.5,data_cleaning,cardio,fast_loading,featurization_2,logistic_regression
0,58378.45,53558.57,1.09,1.26,712.6,43,21.5,data_cleaning,cardio,fast_loading,featurization_2,xgboost
0,40232.32,34840.89,1.15,1.27,8594.88,4,2.0,operator_impact,reviews,fast_loading,featurization_0,neural_network
0,40080.87,35818.08,1.12,1.27,363.17,43,21.5,data_cleaning,cardio,fast_loading,featurization_0,logistic_regression
0,271830.39,261871.12,1.04,1.28,5202.95,43,21.5,data_cleaning,cardio,fast_loading,featurization_0,neural_network
0,42109.38,37094.99,1.14,1.29,415.89,43,21.5,data_cleaning,cardio,fast_loading,featurization_3,logistic_regression
0,242907.74,234133.47,1.04,1.29,4594.67,43,21.5,data_cleaning,cardio,fast_loading,featurization_3,neural_network
0,24335.2,18789.27,1.3,1.31,4891.65,4,2.0,operator_impact,reviews,fast_loading,featurization_0,logistic_regression
0,27922.41,22042.37,1.27,1.31,5520.76,4,2.0,operator_impact,reviews,fast_loading,featurization_0,xgboost
0,42243.88,35630.22,1.19,1.32,9129.21,4,2.0,operator_impact,reviews,slow_loading,featurization_0,neural_network
0,29703.75,22825.2,1.3,1.35,6141.56,4,2.0,operator_impact,reviews,slow_loading,featurization_0,xgboost
0,271291.11,259400.46,1.05,1.35,5279.11,43,21.5,data_cleaning,cardio,slow_loading,featurization_0,neural_network
0,34186.53,32959.09,1.04,1.36,4056.99,8,4.0,operator_impact,folktables,slow_loading,featurization_1,neural_network
0,11218.72,10836.41,1.04,1.36,5313.09,2,1.0,operator_impact,cardio,slow_loading,featurization_0,neural_network
0,26357.71,19641.14,1.34,1.36,5299.7,4,2.0,operator_impact,reviews,slow_loading,featurization_0,logistic_regression
0,6767.47,5316.65,1.27,1.36,2461.1,3,1.5,operator_impact,healthcare,fast_loading,featurization_0,neural_network
0,6869.7,5313.91,1.29,1.37,2188.18,3,1.5,operator_impact,healthcare,slow_loading,featurization_0,neural_network
0,85905.4,64586.55,1.33,1.39,1048.55,43,21.5,data_cleaning,cardio,fast_loading,featurization_3,xgboost
0,245130.56,235100.96,1.04,1.39,4649.28,43,21.5,data_cleaning,cardio,slow_loading,featurization_2,neural_network
0,128848.21,124165.15,1.04,1.41,3034.4,34,17.0,data_cleaning,folktables,fast_loading,featurization_0,neural_network
0,38960.7,36026.79,1.08,1.44,5894.17,3,1.5,data_cleaning,sneakers,slow_loading,image,image
0,61860.97,53124.08,1.16,1.45,787.75,43,21.5,data_cleaning,cardio,slow_loading,featurization_2,xgboost
0,6108.13,4380.96,1.39,1.45,1933.27,3,1.5,operator_impact,healthcare,slow_loading,featurization_0,xgboost
0,5470.74,3760.37,1.45,1.46,1726.42,3,1.5,operator_impact,healthcare,fast_loading,featurization_0,logistic_regression
0,247551.48,234916.88,1.05,1.46,4689.46,43,21.5,data_cleaning,cardio,slow_loading,featurization_3,neural_network
0,6116.27,4368.26,1.4,1.46,1943.47,3,1.5,operator_impact,healthcare,fast_loading,featurization_0,xgboost
0,5463.74,3746.38,1.46,1.46,1730.69,3,1.5,operator_impact,healthcare,slow_loading,featurization_0,logistic_regression
0,47881.75,46935.87,1.02,1.47,5254.59,9,4.5,operator_impact,cardio,fast_loading,featurization_2,neural_network
0,42679.69,33950.02,1.26,1.47,395.79,43,21.5,data_cleaning,cardio,slow_loading,featurization_2,logistic_regression
0,36679.63,34151.12,1.07,1.47,5551.91,3,1.5,data_cleaning,sneakers,fast_loading,image,image
0,158232.74,150174.94,1.05,1.48,3633.85,34,17.0,data_cleaning,folktables,fast_loading,featurization_4,neural_network
0,65266.95,55943.04,1.17,1.48,852.17,43,21.5,data_cleaning,cardio,slow_loading,featurization_0,xgboost
0,172236.93,163477.31,1.05,1.48,4042.08,34,17.0,data_cleaning,folktables,fast_loading,featurization_1,neural_network
0,44462.27,35577.87,1.25,1.49,441.24,43,21.5,data_cleaning,cardio,slow_loading,featurization_0,logistic_regression
0,87939.23,65043.77,1.35,1.5,1224.53,43,21.5,data_cleaning,cardio,slow_loading,featurization_3,xgboost
0,46247.31,36504.11,1.27,1.53,433.01,43,21.5,data_cleaning,cardio,slow_loading,featurization_3,logistic_regression
0,34135.59,32228.01,1.06,1.6,3944.19,8,4.0,operator_impact,folktables,fast_loading,featurization_1,neural_network
0,130984.22,123623.31,1.06,1.6,2959.15,34,17.0,data_cleaning,folktables,slow_loading,featurization_0,neural_network
0,6491.41,5193.58,1.25,1.65,588.51,8,4.0,operator_impact,folktables,fast_loading,featurization_1,xgboost
0,159855.12,149037.97,1.07,1.65,3688.14,34,17.0,data_cleaning,folktables,slow_loading,featurization_4,neural_network
0,54916.71,52842.11,1.04,1.67,5403.14,10,5.0,operator_impact,cardio,fast_loading,featurization_3,neural_network
0,62571.02,12080.61,5.18,1.68,5228.29,12,6.0,feature_importance,cardio,fast_loading,featurization_0,neural_network
0,35592.51,29422.99,1.21,1.7,589.95,34,17.0,data_cleaning,folktables,fast_loading,featurization_1,xgboost
0,289593.51,270636.08,1.07,1.72,5637.72,43,21.5,data_cleaning,cardio,fast_loading,featurization_1,neural_network
0,3774.77,2428.8,1.55,1.72,235.93,8,4.0,operator_impact,folktables,fast_loading,featurization_1,logistic_regression
0,41316.18,38746.16,1.07,1.72,3821.04,10,5.0,operator_impact,folktables,fast_loading,featurization_4,neural_network
0,60732.37,56003.7,1.08,1.72,1297.16,34,17.0,data_cleaning,folktables,fast_loading,featurization_0,xgboost
0,175776.19,164802.53,1.07,1.73,4006.32,34,17.0,data_cleaning,folktables,slow_loading,featurization_1,neural_network
0,62804.97,58313.04,1.08,1.73,1324.3,34,17.0,data_cleaning,folktables,fast_loading,featurization_0,logistic_regression
0,47758.4,46058.07,1.04,1.74,5275.4,9,4.5,operator_impact,cardio,slow_loading,featurization_2,neural_network
0,39231.39,10911.03,3.6,1.74,4141.54,9,4.5,feature_importance,folktables,fast_loading,featurization_4,neural_network
0,258733.11,238125.75,1.09,1.75,5030.02,43,21.5,data_cleaning,cardio,fast_loading,featurization_4,neural_network
0,64384.46,12441.69,5.17,1.76,5278.94,12,6.0,feature_importance,cardio,fast_loading,featurization_2,neural_network
0,42108.65,39152.52,1.08,1.76,3842.42,10,5.0,operator_impact,folktables,slow_loading,featurization_4,neural_network
0,21186.03,15046.89,1.41,1.77,228.63,34,17.0,data_cleaning,folktables,fast_loading,featurization_1,logistic_regression
0,60116.15,43259.27,1.39,1.77,8525.59,6,3.0,operator_impact,reviews,fast_loading,featurization_1,neural_network
0,289691.4,269120.93,1.08,1.78,5597.46,43,21.5,data_cleaning,cardio,slow_loading,featurization_1,neural_network
0,68949.02,46119.2,1.5,1.79,930.72,43,21.5,data_cleaning,cardio,fast_loading,featurization_1,logistic_regression
0,38296.36,10322.54,3.71,1.8,3944.56,9,4.5,feature_importance,folktables,fast_loading,featurization_1,neural_network
0,81858.39,61985.73,1.32,1.8,1183.79,43,21.5,data_cleaning,cardio,fast_loading,featurization_1,xgboost
0,63156.25,56324.14,1.12,1.82,1345.49,34,17.0,data_cleaning,folktables,slow_loading,featurization_0,xgboost
0,261365.08,236399.95,1.11,1.82,5073.03,43,21.5,data_cleaning,cardio,slow_loading,featurization_4,neural_network
0,531836.91,324586.96,1.64,1.83,41175.42,13,6.5,operator_impact,reviews,fast_loading,featurization_3,neural_network
0,7009.62,5254.47,1.33,1.83,648.87,8,4.0,operator_impact,folktables,slow_loading,featurization_1,xgboost
0,88480.53,68820.96,1.29,1.83,1395.86,43,21.5,data_cleaning,cardio,fast_loading,featurization_4,xgboost
0,59510.05,41001.57,1.45,1.83,787.97,43,21.5,data_cleaning,cardio,fast_loading,featurization_4,logistic_regression
0,62461.71,43803.87,1.43,1.84,9037.63,6,3.0,operator_impact,reviews,slow_loading,featurization_1,neural_network
0,23412.19,16208.39,1.44,1.84,272.79,34,17.0,data_cleaning,folktables,fast_loading,featurization_4,logistic_regression
0,513084.28,311305.61,1.65,1.86,39253.88,13,6.5,operator_impact,reviews,slow_loading,featurization_3,neural_network
0,45336.69,28438.52,1.59,1.86,590.72,34,17.0,data_cleaning,folktables,fast_loading,featurization_4,xgboost
0,146880.88,133493.13,1.1,1.86,21595.43,8,4.0,operator_impact,reviews,fast_loading,featurization_2,xgboost
0,119133.05,78531.09,1.52,1.86,13895.92,8,4.0,operator_impact,reviews,fast_loading,featurization_4,neural_network
0,427909.44,228635.81,1.87,1.88,32404.62,13,6.5,operator_impact,reviews,fast_loading,featurization_3,logistic_regression
0,596567.95,396875.71,1.5,1.88,44465.1,13,6.5,operator_impact,reviews,fast_loading,featurization_3,xgboost
0,633261.17,415146.65,1.53,1.89,47400.47,13,6.5,operator_impact,reviews,slow_loading,featurization_3,xgboost
0,36514.28,19697.55,1.85,1.89,4888.46,6,3.0,operator_impact,reviews,fast_loading,featurization_1,logistic_regression
0,43416.66,25922.24,1.67,1.89,5961.61,6,3.0,operator_impact,reviews,fast_loading,featurization_1,xgboost
0,9694.13,6355.17,1.53,1.89,634.32,10,5.0,operator_impact,folktables,fast_loading,featurization_4,xgboost
0,45911.28,26772.83,1.71,1.91,6364.86,6,3.0,operator_impact,reviews,slow_loading,featurization_1,xgboost
0,437800.67,230105.06,1.9,1.91,32998.37,13,6.5,operator_impact,reviews,slow_loading,featurization_3,logistic_regression
0,7241.06,2698.9,2.68,1.92,580.46,9,4.5,feature_importance,folktables,fast_loading,featurization_1,xgboost
0,39446.47,20759.23,1.9,1.94,5413.01,6,3.0,operator_impact,reviews,slow_loading,featurization_1,logistic_regression
0,4050.32,1921.1,2.11,1.95,235.14,9,4.5,feature_importance,folktables,fast_loading,featurization_1,logistic_regression
0,39743.74,10843.89,3.67,1.95,4173.75,9,4.5,feature_importance,folktables,slow_loading,featurization_4,neural_network
0,85579.23,62214.43,1.38,1.96,1263.06,43,21.5,data_cleaning,cardio,slow_loading,featurization_1,xgboost
0,37164.04,28524.7,1.3,1.97,631.06,34,17.0,data_cleaning,folktables,slow_loading,featurization_1,xgboost
0,28315.87,7279.14,3.89,1.97,2893.46,9,4.5,feature_importance,folktables,fast_loading,featurization_0,neural_network
0,90995.68,68146.07,1.34,1.97,1506.39,43,21.5,data_cleaning,cardio,slow_loading,featurization_4,xgboost
0,64845.48,58410.1,1.11,1.98,1413.37,34,17.0,data_cleaning,folktables,slow_loading,featurization_0,logistic_regression
0,63049.89,40787.45,1.55,1.99,796.05,43,21.5,data_cleaning,cardio,slow_loading,featurization_4,logistic_regression
0,4577.91,2561.91,1.79,2.0,298.69,8,4.0,operator_impact,folktables,slow_loading,featurization_1,logistic_regression
0,66076.48,12823.92,5.15,2.02,5423.35,12,6.0,feature_importance,cardio,fast_loading,featurization_3,neural_network
0,43974.79,28689.68,1.53,2.02,674.2,34,17.0,data_cleaning,folktables,slow_loading,featurization_4,xgboost
0,10030.23,3078.01,3.26,2.02,643.64,9,4.5,feature_importance,folktables,fast_loading,featurization_4,xgboost
0,23908.08,15255.84,1.57,2.02,295.02,34,17.0,data_cleaning,folktables,slow_loading,featurization_1,logistic_regression
0,45813.78,42570.64,1.08,2.02,5679.5,8,4.0,operator_impact,cardio,fast_loading,featurization_1,neural_network
0,38605.44,10453.51,3.69,2.02,4035.16,9,4.5,feature_importance,folktables,slow_loading,featurization_1,neural_network
0,69335.36,43958.94,1.58,2.03,1101.85,43,21.5,data_cleaning,cardio,slow_loading,featurization_1,logistic_regression
0,128207.74,77708.59,1.65,2.06,14407.9,8,4.0,operator_impact,reviews,slow_loading,featurization_4,neural_network
0,4970.32,2757.87,1.8,2.08,264.57,10,5.0,operator_impact,folktables,fast_loading,featurization_4,logistic_regression
0,55877.48,52657.86,1.06,2.1,5478.54,10,5.0,operator_impact,cardio,slow_loading,featurization_3,neural_network
0,10324.96,6409.51,1.61,2.11,700.26,10,5.0,operator_impact,folktables,slow_loading,featurization_4,xgboost
0,25985.75,16108.68,1.61,2.12,350.98,34,17.0,data_cleaning,folktables,slow_loading,featurization_4,logistic_regression
0,179307.34,15554.64,11.53,2.12,5233.39,34,17.0,data_corruption,cardio,fast_loading,featurization_2,neural_network
0,12989.2,10267.89,1.27,2.13,1189.03,10,5.0,operator_impact,cardio,fast_loading,featurization_3,xgboost
0,110005.57,79337.88,1.39,2.13,12351.81,8,4.0,operator_impact,reviews,fast_loading,featurization_2,neural_network
0,184003.79,158032.25,1.16,2.13,4411.88,34,17.0,data_cleaning,folktables,fast_loading,featurization_3,neural_network
0,7924.15,2825.96,2.8,2.15,622.31,9,4.5,feature_importance,folktables,slow_loading,featurization_1,xgboost
0,90088.06,42899.88,2.1,2.15,9688.29,8,4.0,operator_impact,reviews,fast_loading,featurization_4,logistic_regression
0,183446.86,157952.74,1.16,2.16,4316.9,34,17.0,data_cleaning,folktables,fast_loading,featurization_2,neural_network
0,29118.54,7396.28,3.94,2.16,2953.86,9,4.5,feature_importance,folktables,slow_loading,featurization_0,neural_network
0,4851.86,2090.06,2.32,2.16,281.24,9,4.5,feature_importance,folktables,fast_loading,featurization_4,logistic_regression
0,173642.32,14340.11,12.11,2.17,4570.54,34,17.0,data_corruption,cardio,fast_loading,featurization_0,neural_network
0,7462.03,6434.41,1.16,2.18,784.14,9,4.5,operator_impact,cardio,fast_loading,featurization_2,xgboost
0,91831.07,42902.73,2.14,2.18,10054.44,8,4.0,operator_impact,reviews,slow_loading,featurization_4,logistic_regression
0,112476.32,79207.11,1.42,2.19,12722.43,8,4.0,operator_impact,reviews,slow_loading,featurization_2,neural_network
0,125056.47,76669.57,1.63,2.19,14007.81,8,4.0,operator_impact,reviews,slow_loading,featurization_4,xgboost
0,65050.74,12515.59,5.2,2.19,5247.23,12,6.0,feature_importance,cardio,slow_loading,featurization_2,neural_network
0,4735.39,2029.39,2.33,2.2,300.42,9,4.5,feature_importance,folktables,slow_loading,featurization_1,logistic_regression
0,124607.17,71931.09,1.73,2.21,13243.12,8,4.0,operator_impact,reviews,fast_loading,featurization_4,xgboost
0,105885.42,42006.7,2.52,2.21,17433.13,6,3.0,feature_importance,reviews,slow_loading,featurization_2,neural_network
0,186579.32,159256.29,1.17,2.22,4530.62,34,17.0,data_cleaning,folktables,slow_loading,featurization_2,neural_network
0,10630.69,3141.53,3.38,2.24,716.51,9,4.5,feature_importance,folktables,slow_loading,featurization_4,xgboost
0,187594.25,158921.14,1.18,2.25,4584.96,34,17.0,data_cleaning,folktables,slow_loading,featurization_3,neural_network
0,44853.67,41341.63,1.08,2.27,5568.87,8,4.0,operator_impact,cardio,slow_loading,featurization_1,neural_network
0,58689.84,23513.49,2.5,2.3,8688.71,6,3.0,feature_importance,reviews,fast_loading,featurization_1,neural_network
0,5459.55,2228.84,2.45,2.31,345.24,9,4.5,feature_importance,folktables,slow_loading,featurization_4,logistic_regression
0,62834.89,12023.85,5.23,2.31,5208.48,12,6.0,feature_importance,cardio,slow_loading,featurization_0,neural_network
0,62189.09,24818.49,2.51,2.31,9143.81,6,3.0,feature_importance,reviews,slow_loading,featurization_1,neural_network
0,57861.41,22769.57,2.54,2.37,8715.84,6,3.0,feature_importance,reviews,fast_loading,featurization_0,neural_network
0,5711.21,2797.09,2.04,2.38,325.56,10,5.0,operator_impact,folktables,slow_loading,featurization_4,logistic_regression
0,60254.82,23539.28,2.56,2.4,8954.25,6,3.0,feature_importance,reviews,slow_loading,featurization_0,neural_network
0,46175.36,23511.65,1.96,2.42,988.51,34,17.0,data_cleaning,folktables,fast_loading,featurization_2,logistic_regression
0,3587.19,2569.09,1.4,2.42,345.58,9,4.5,operator_impact,cardio,fast_loading,featurization_2,logistic_regression
0,67317.55,12844.54,5.24,2.43,5505.93,12,6.0,feature_importance,cardio,slow_loading,featurization_3,neural_network
0,54418.07,23004.2,2.37,2.43,5651.45,8,4.0,operator_impact,reviews,fast_loading,featurization_2,logistic_regression
0,59063.67,53274.2,1.11,2.44,5790.8,10,5.0,operator_impact,cardio,slow_loading,featurization_4,neural_network
0,59803.42,36293.11,1.65,2.45,1349.66,34,17.0,data_cleaning,folktables,fast_loading,featurization_2,xgboost
0,177611.72,14918.38,11.91,2.47,4807.15,34,17.0,data_corruption,cardio,slow_loading,featurization_0,neural_network
0,47140.49,23338.29,2.02,2.48,1058.52,34,17.0,data_cleaning,folktables,fast_loading,featurization_3,logistic_regression
0,35989.39,14343.86,2.51,2.5,4890.53,6,3.0,feature_importance,reviews,fast_loading,featurization_1,logistic_regression
0,103721.62,40531.94,2.56,2.5,16908.23,6,3.0,feature_importance,reviews,fast_loading,featurization_2,neural_network
0,149648.6,53254.81,2.81,2.51,24310.21,6,3.0,feature_importance,reviews,slow_loading,featurization_2,xgboost
0,12583.85,3267.31,3.85,2.51,1242.3,9,4.5,feature_importance,folktables,fast_loading,featurization_0,xgboost
0,43733.4,16932.28,2.58,2.52,6016.16,6,3.0,feature_importance,reviews,fast_loading,featurization_1,xgboost
0,72308.78,34932.56,2.07,2.53,1339.83,34,17.0,data_cleaning,folktables,fast_loading,featurization_3,xgboost
0,182622.5,15749.99,11.6,2.53,5026.69,34,17.0,data_corruption,cardio,slow_loading,featurization_2,neural_network
0,73660.8,35887.09,2.05,2.54,1424.38,34,17.0,data_cleaning,folktables,slow_loading,featurization_3,xgboost
0,39312.86,15347.06,2.56,2.56,5390.09,6,3.0,feature_importance,reviews,slow_loading,featurization_1,logistic_regression
0,143894.89,52996.42,2.72,2.56,23813.78,6,3.0,feature_importance,reviews,fast_loading,featurization_2,xgboost
0,46351.06,17796.18,2.6,2.56,6444.55,6,3.0,feature_importance,reviews,slow_loading,featurization_1,xgboost
0,277993.12,105618.93,2.63,2.56,42536.21,6,3.0,feature_importance,reviews,fast_loading,featurization_3,neural_network
0,61794.42,36024.07,1.72,2.57,1416.49,34,17.0,data_cleaning,folktables,slow_loading,featurization_2,xgboost
0,43530.91,16633.73,2.62,2.59,6195.0,6,3.0,feature_importance,reviews,slow_loading,featurization_0,xgboost
0,58724.46,53286.43,1.1,2.59,5711.14,10,5.0,operator_impact,cardio,fast_loading,featurization_4,neural_network
0,35281.67,13544.2,2.6,2.6,4818.61,6,3.0,feature_importance,reviews,fast_loading,featurization_0,logistic_regression
0,49223.51,23760.7,2.07,2.61,1087.45,34,17.0,data_cleaning,folktables,slow_loading,featurization_2,logistic_regression
0,142733.39,14391.96,9.92,2.61,4125.34,33,16.5,data_corruption,folktables,fast_loading,featurization_1,neural_network
0,40955.4,15480.55,2.65,2.61,5556.02,6,3.0,feature_importance,reviews,fast_loading,featurization_0,xgboost
0,38073.39,14485.68,2.63,2.62,5274.82,6,3.0,feature_importance,reviews,slow_loading,featurization_0,logistic_regression
0,71174.81,27013.28,2.63,2.62,10811.12,6,3.0,feature_importance,reviews,fast_loading,featurization_4,logistic_regression
0,39212.48,14952.32,2.62,2.62,5559.67,6,3.0,feature_importance,reviews,fast_loading,featurization_2,logistic_regression
0,89685.4,33307.12,2.69,2.63,13662.29,6,3.0,feature_importance,reviews,slow_loading,featurization_4,neural_network
0,264486.92,98324.94,2.69,2.63,43422.16,6,3.0,feature_importance,reviews,slow_loading,featurization_3,neural_network
0,87118.03,32414.83,2.69,2.64,13060.95,6,3.0,feature_importance,reviews,fast_loading,featurization_4,neural_network
0,42639.47,36501.62,1.17,2.64,4733.64,9,4.5,operator_impact,folktables,fast_loading,featurization_2,neural_network
0,205587.73,77899.89,2.64,2.64,32371.38,6,3.0,feature_importance,reviews,fast_loading,featurization_3,logistic_regression
0,43149.85,36140.65,1.19,2.64,4811.53,9,4.5,operator_impact,folktables,slow_loading,featurization_2,neural_network
0,13437.2,3419.34,3.93,2.65,1350.97,9,4.5,feature_importance,folktables,slow_loading,featurization_0,logistic_regression
0,42457.22,15961.54,2.66,2.66,6029.7,6,3.0,feature_importance,reviews,slow_loading,featurization_2,logistic_regression
0,49554.87,23066.35,2.15,2.66,1089.83,34,17.0,data_cleaning,folktables,slow_loading,featurization_3,logistic_regression
0,222767.24,83559.69,2.67,2.67,35311.69,6,3.0,feature_importance,reviews,slow_loading,featurization_3,logistic_regression
0,176124.46,15002.88,11.74,2.67,5266.06,34,17.0,data_corruption,cardio,fast_loading,featurization_3,neural_network
0,288414.24,103202.33,2.79,2.69,44322.92,6,3.0,feature_importance,reviews,fast_loading,featurization_3,xgboost
0,14553.18,7299.39,1.99,2.7,2294.54,6,3.0,operator_impact,healthcare,slow_loading,featurization_1,neural_network
0,292571.2,103986.02,2.81,2.7,44991.98,6,3.0,feature_importance,reviews,slow_loading,featurization_3,xgboost
0,87367.23,31395.01,2.78,2.72,13207.58,6,3.0,feature_importance,reviews,fast_loading,featurization_4,xgboost
0,89756.5,32082.82,2.8,2.73,13619.02,6,3.0,feature_importance,reviews,slow_loading,featurization_4,xgboost
0,9414.19,1972.33,4.77,2.73,743.59,12,6.0,feature_importance,cardio,fast_loading,featurization_0,xgboost
0,13083.72,3329.05,3.93,2.73,1308.72,9,4.5,feature_importance,folktables,slow_loading,featurization_0,xgboost
0,69339.16,25271.56,2.74,2.74,10227.9,6,3.0,feature_importance,reviews,slow_loading,featurization_4,logistic_regression
0,14593.7,7142.83,2.04,2.76,2317.57,6,3.0,operator_impact,healthcare,fast_loading,featurization_1,neural_network
0,63604.62,23541.77,2.7,2.77,6016.57,8,4.0,operator_impact,reviews,slow_loading,featurization_2,logistic_regression
0,6720.96,3754.37,1.79,2.78,839.87,8,4.0,operator_impact,cardio,fast_loading,featurization_1,logistic_regression
0,99773.17,10168.83,9.81,2.79,2839.07,33,16.5,data_corruption,folktables,fast_loading,featurization_0,neural_network
0,10865.25,3881.41,2.8,2.8,1750.15,6,3.0,operator_impact,healthcare,slow_loading,featurization_1,logistic_regression
0,10789.06,3859.08,2.8,2.8,1743.17,6,3.0,operator_impact,healthcare,fast_loading,featurization_1,logistic_regression
0,9850.64,6791.41,1.45,2.8,1164.64,8,4.0,operator_impact,cardio,fast_loading,featurization_1,xgboost
0,69790.66,13412.18,5.2,2.81,5766.1,12,6.0,feature_importance,cardio,fast_loading,featurization_1,neural_network
0,49149.6,40950.75,1.2,2.81,4802.7,10,5.0,operator_impact,folktables,fast_loading,featurization_3,neural_network
0,11993.14,4974.85,2.41,2.82,1929.01,6,3.0,operator_impact,healthcare,fast_loading,featurization_1,xgboost
0,8351.36,6509.87,1.28,2.83,843.79,9,4.5,operator_impact,cardio,slow_loading,featurization_2,xgboost
0,12103.0,4987.68,2.43,2.83,1932.17,6,3.0,operator_impact,healthcare,slow_loading,featurization_1,xgboost
0,10481.07,6882.36,1.52,2.84,1247.26,8,4.0,operator_impact,cardio,slow_loading,featurization_1,xgboost
0,12721.99,3169.8,4.01,2.84,1257.61,9,4.5,feature_importance,folktables,fast_loading,featurization_0,logistic_regression
0,70940.33,13754.33,5.16,2.85,5775.65,12,6.0,feature_importance,cardio,fast_loading,featurization_4,neural_network
0,49422.71,41195.79,1.2,2.85,4909.59,10,5.0,operator_impact,folktables,slow_loading,featurization_3,neural_network
0,175668.36,134461.31,1.31,2.85,21772.94,8,4.0,operator_impact,reviews,slow_loading,featurization_2,xgboost
0,4863.23,3369.4,1.44,2.91,400.39,10,5.0,operator_impact,cardio,fast_loading,featurization_3,logistic_regression
0,837805.82,362317.21,2.31,2.96,39915.08,21,10.5,data_cleaning,reviews,slow_loading,featurization_3,neural_network
0,816028.46,354438.02,2.3,2.97,39026.6,21,10.5,data_cleaning,reviews,fast_loading,featurization_3,neural_network
0,44749.43,11067.85,4.04,3.0,4836.49,9,4.5,feature_importance,folktables,fast_loading,featurization_3,neural_network
0,99770.52,10369.46,9.62,3.0,2856.47,33,16.5,data_corruption,folktables,slow_loading,featurization_0,neural_network
0,71075.93,13607.98,5.22,3.02,5848.24,12,6.0,feature_importance,cardio,slow_loading,featurization_1,neural_network
0,4500.94,2663.26,1.69,3.02,419.88,9,4.5,operator_impact,cardio,slow_loading,featurization_2,logistic_regression
0,10019.24,2082.97,4.81,3.02,783.38,12,6.0,feature_importance,cardio,fast_loading,featurization_2,xgboost
0,15574.44,5033.86,3.09,3.03,2135.33,7,3.5,feature_importance,healthcare,slow_loading,featurization_0,neural_network
0,71286.58,13798.59,5.17,3.03,5743.13,12,6.0,feature_importance,cardio,slow_loading,featurization_4,neural_network
0,142427.93,14126.43,10.08,3.03,4024.33,33,16.5,data_corruption,folktables,slow_loading,featurization_1,neural_network
0,287844.54,181175.01,1.59,3.03,12620.07,21,10.5,data_cleaning,reviews,fast_loading,featurization_2,neural_network
0,7719.86,3927.8,1.97,3.04,915.12,8,4.0,operator_impact,cardio,slow_loading,featurization_1,logistic_regression
0,138647.78,13626.29,10.18,3.05,3864.48,33,16.5,data_corruption,folktables,fast_loading,featurization_4,neural_network
0,732258.49,240843.56,3.04,3.06,33582.3,21,10.5,data_cleaning,reviews,fast_loading,featurization_3,logistic_regression
0,973417.73,504514.03,1.93,3.07,45224.36,21,10.5,data_cleaning,reviews,fast_loading,featurization_3,xgboost
0,16572.89,5122.33,3.24,3.11,2267.08,7,3.5,feature_importance,healthcare,slow_loading,featurization_3,neural_network
0,16738.66,4488.37,3.73,3.12,2010.91,7,3.5,feature_importance,healthcare,fast_loading,featurization_1,xgboost
0,182099.24,15648.65,11.64,3.12,5588.09,34,17.0,data_corruption,cardio,slow_loading,featurization_3,neural_network
0,16328.54,3009.29,5.43,3.14,1228.06,12,6.0,feature_importance,cardio,fast_loading,featurization_3,xgboost
0,14224.31,4437.68,3.21,3.15,1955.47,7,3.5,feature_importance,healthcare,slow_loading,featurization_4,xgboost
0,14308.88,4419.62,3.24,3.18,1962.7,7,3.5,feature_importance,healthcare,slow_loading,featurization_0,xgboost
0,15878.42,4823.74,3.29,3.18,2152.85,7,3.5,feature_importance,healthcare,fast_loading,featurization_4,neural_network
0,14239.82,4415.87,3.22,3.2,1983.64,7,3.5,feature_importance,healthcare,fast_loading,featurization_4,xgboost
0,16506.86,4968.61,3.32,3.21,2251.27,7,3.5,feature_importance,healthcare,fast_loading,featurization_3,neural_network
0,140674.78,14011.59,10.04,3.21,4091.5,33,16.5,data_corruption,folktables,slow_loading,featurization_4,neural_network
0,15840.59,4855.57,3.26,3.21,2172.49,7,3.5,feature_importance,healthcare,slow_loading,featurization_4,neural_network
0,300171.37,183061.31,1.64,3.22,13001.81,21,10.5,data_cleaning,reviews,slow_loading,featurization_2,neural_network
0,15412.87,4630.07,3.33,3.22,2108.14,7,3.5,feature_importance,healthcare,fast_loading,featurization_0,neural_network
0,14331.28,4407.39,3.25,3.23,1974.0,7,3.5,feature_importance,healthcare,fast_loading,featurization_3,xgboost
0,707033.27,220046.23,3.21,3.23,32825.94,21,10.5,data_cleaning,reviews,slow_loading,featurization_3,logistic_regression
0,12928.3,3987.45,3.24,3.24,1787.89,7,3.5,feature_importance,healthcare,slow_loading,featurization_1,logistic_regression
0,45588.59,11278.54,4.04,3.25,4974.07,9,4.5,feature_importance,folktables,slow_loading,featurization_3,neural_network
0,14387.05,4366.08,3.3,3.25,1980.01,7,3.5,feature_importance,healthcare,slow_loading,featurization_2,xgboost
0,44168.9,10689.38,4.13,3.27,4714.77,9,4.5,feature_importance,folktables,fast_loading,featurization_2,neural_network
0,14819.67,4213.62,3.52,3.28,1972.95,7,3.5,feature_importance,healthcare,slow_loading,featurization_1,xgboost
0,12871.57,3927.08,3.28,3.28,1785.86,7,3.5,feature_importance,healthcare,slow_loading,featurization_4,logistic_regression
0,12773.74,3886.08,3.29,3.29,1762.17,7,3.5,feature_importance,healthcare,fast_loading,featurization_3,logistic_regression
0,16387.1,4827.88,3.39,3.3,2254.32,7,3.5,feature_importance,healthcare,slow_loading,featurization_2,neural_network
0,12707.11,3845.29,3.3,3.3,1736.6,7,3.5,feature_importance,healthcare,slow_loading,featurization_3,logistic_regression
0,12664.89,3825.71,3.31,3.31,1741.59,7,3.5,feature_importance,healthcare,fast_loading,featurization_4,logistic_regression
0,14584.54,4387.29,3.32,3.31,1987.94,7,3.5,feature_importance,healthcare,slow_loading,featurization_3,xgboost
0,11965.5,6158.04,1.94,3.32,1331.44,9,4.5,operator_impact,folktables,fast_loading,featurization_2,xgboost
0,1026887.33,508057.18,2.02,3.32,44738.36,21,10.5,data_cleaning,reviews,slow_loading,featurization_3,xgboost
0,16403.13,4811.66,3.41,3.32,2227.64,7,3.5,feature_importance,healthcare,fast_loading,featurization_2,neural_network
0,17193.5,11988.44,1.43,3.32,1654.04,10,5.0,operator_impact,cardio,fast_loading,featurization_4,xgboost
0,16687.69,4870.67,3.43,3.33,2258.6,7,3.5,feature_importance,healthcare,slow_loading,featurization_1,neural_network
0,12432.18,3721.53,3.34,3.34,1730.71,7,3.5,feature_importance,healthcare,fast_loading,featurization_0,logistic_regression
0,12818.23,3835.22,3.34,3.34,1766.9,7,3.5,feature_importance,healthcare,fast_loading,featurization_1,logistic_regression
0,16469.98,4787.94,3.44,3.34,2228.72,7,3.5,feature_importance,healthcare,fast_loading,featurization_1,neural_network
0,13900.9,9943.83,1.4,3.35,1250.62,10,5.0,operator_impact,cardio,slow_loading,featurization_3,xgboost
0,4154.62,914.11,4.55,3.35,309.65,12,6.0,feature_importance,cardio,fast_loading,featurization_0,logistic_regression
0,44099.42,10734.11,4.11,3.35,4738.56,9,4.5,feature_importance,folktables,slow_loading,featurization_2,neural_network
0,12863.3,3824.17,3.36,3.36,1770.7,7,3.5,feature_importance,healthcare,fast_loading,featurization_2,logistic_regression
0,13001.42,3869.67,3.36,3.36,1799.75,7,3.5,feature_importance,healthcare,slow_loading,featurization_2,logistic_regression
0,12522.38,3727.21,3.36,3.36,1721.37,7,3.5,feature_importance,healthcare,slow_loading,featurization_0,logistic_regression
0,19042.76,8284.06,2.3,3.4,2324.64,8,4.0,operator_impact,healthcare,slow_loading,featurization_2,neural_network
0,14120.06,4142.31,3.41,3.4,1936.4,7,3.5,feature_importance,healthcare,fast_loading,featurization_0,xgboost
0,12593.93,6231.96,2.02,3.43,1399.76,9,4.5,operator_impact,folktables,slow_loading,featurization_2,xgboost
0,19122.5,8342.66,2.29,3.43,2268.59,8,4.0,operator_impact,healthcare,fast_loading,featurization_2,neural_network
0,294600.46,133613.0,2.2,3.45,12695.1,21,10.5,data_cleaning,reviews,fast_loading,featurization_4,neural_network
0,8815.94,4272.69,2.06,3.46,797.56,10,5.0,operator_impact,cardio,fast_loading,featurization_4,logistic_regression
0,18086.65,7308.69,2.47,3.48,2139.51,8,4.0,operator_impact,healthcare,fast_loading,featurization_4,neural_network
0,208805.1,110390.53,1.89,3.49,8782.75,21,10.5,data_cleaning,reviews,fast_loading,featurization_1,neural_network
0,4763.68,1070.96,4.45,3.49,345.72,12,6.0,feature_importance,cardio,fast_loading,featurization_2,logistic_regression
0,18406.45,7405.6,2.49,3.49,2179.97,8,4.0,operator_impact,healthcare,slow_loading,featurization_4,neural_network
0,16626.86,4419.73,3.76,3.5,1941.32,7,3.5,feature_importance,healthcare,fast_loading,featurization_2,xgboost
0,5908.21,3492.75,1.69,3.51,485.5,10,5.0,operator_impact,cardio,slow_loading,featurization_3,logistic_regression
0,17341.01,3217.47,5.39,3.51,1356.94,12,6.0,feature_importance,cardio,slow_loading,featurization_3,xgboost
0,10820.06,2157.26,5.02,3.52,891.26,12,6.0,feature_importance,cardio,slow_loading,featurization_0,xgboost
0,204950.01,107754.75,1.9,3.54,8508.97,21,10.5,data_cleaning,reviews,fast_loading,featurization_0,neural_network
0,312358.71,138212.22,2.26,3.56,13347.53,21,10.5,data_cleaning,reviews,slow_loading,featurization_4,neural_network
0,16707.05,5831.93,2.86,3.58,1959.79,8,4.0,operator_impact,healthcare,fast_loading,featurization_4,xgboost
0,9486.56,3059.43,3.1,3.6,1088.55,9,4.5,operator_impact,folktables,slow_loading,featurization_2,logistic_regression
0,8941.01,2917.23,3.06,3.6,999.99,9,4.5,operator_impact,folktables,fast_loading,featurization_2,logistic_regression
0,9677.89,4517.6,2.14,3.61,881.53,10,5.0,operator_impact,cardio,slow_loading,featurization_4,logistic_regression
0,219367.92,111074.83,1.97,3.62,9081.01,21,10.5,data_cleaning,reviews,slow_loading,featurization_1,neural_network
0,14510.98,3971.0,3.65,3.67,1745.82,8,4.0,operator_impact,healthcare,fast_loading,featurization_4,logistic_regression
0,14892.92,4064.36,3.66,3.68,1774.27,8,4.0,operator_impact,healthcare,slow_loading,featurization_4,logistic_regression
0,11254.35,2271.27,4.96,3.68,875.6,12,6.0,feature_importance,cardio,slow_loading,featurization_2,xgboost
0,17017.76,11097.82,1.53,3.71,1608.4,10,5.0,operator_impact,cardio,slow_loading,featurization_4,xgboost
0,14360.79,3864.64,3.72,3.72,1743.94,8,4.0,operator_impact,healthcare,fast_loading,featurization_2,logistic_regression
0,217374.74,109470.66,1.99,3.72,9020.05,21,10.5,data_cleaning,reviews,slow_loading,featurization_0,neural_network
0,15813.27,5324.34,2.97,3.72,1933.27,8,4.0,operator_impact,healthcare,fast_loading,featurization_2,xgboost
0,14683.0,3929.13,3.74,3.74,1768.2,8,4.0,operator_impact,healthcare,slow_loading,featurization_2,logistic_regression
0,17963.38,7320.91,2.45,3.74,1498.2,10,5.0,operator_impact,folktables,slow_loading,featurization_3,xgboost
0,291613.59,126504.71,2.31,3.75,12382.47,21,10.5,data_cleaning,reviews,fast_loading,featurization_4,xgboost
0,195424.1,17062.55,11.45,3.75,5687.4,34,17.0,data_corruption,cardio,fast_loading,featurization_1,neural_network
0,16194.75,5385.56,3.01,3.75,1956.75,8,4.0,operator_impact,healthcare,slow_loading,featurization_2,xgboost
0,28932.26,4747.15,6.09,3.76,691.17,33,16.5,data_corruption,folktables,fast_loading,featurization_1,xgboost
0,220017.85,60907.78,3.61,3.77,9155.71,21,10.5,data_cleaning,reviews,fast_loading,featurization_4,logistic_regression
0,502461.71,372900.78,1.35,3.77,21716.01,21,10.5,data_cleaning,reviews,fast_loading,featurization_2,xgboost
0,16952.01,5738.17,2.95,3.79,1969.9,8,4.0,operator_impact,healthcare,slow_loading,featurization_4,xgboost
0,12997.72,3260.92,3.99,3.83,1366.47,9,4.5,feature_importance,folktables,fast_loading,featurization_2,xgboost
0,16109.96,6773.13,2.38,3.87,1419.07,10,5.0,operator_impact,folktables,fast_loading,featurization_3,xgboost
0,16000.96,3553.01,4.5,3.88,1474.15,9,4.5,feature_importance,folktables,fast_loading,featurization_3,xgboost
0,233214.99,63136.3,3.69,3.89,9785.44,21,10.5,data_cleaning,reviews,slow_loading,featurization_4,logistic_regression
0,320256.85,142798.68,2.24,3.89,14181.26,21,10.5,data_cleaning,reviews,slow_loading,featurization_4,xgboost
0,16617.3,3978.9,4.18,3.93,1545.87,9,4.5,feature_importance,folktables,slow_loading,featurization_3,xgboost
0,195950.42,17415.1,11.25,3.95,5728.87,34,17.0,data_corruption,cardio,fast_loading,featurization_4,neural_network
0,11214.97,3339.63,3.36,3.95,1121.03,10,5.0,operator_impact,folktables,slow_loading,featurization_3,logistic_regression
0,15299.33,3227.34,4.74,3.97,1207.38,12,6.0,feature_importance,cardio,fast_loading,featurization_1,xgboost
0,10639.6,3209.56,3.31,3.97,1026.58,10,5.0,operator_impact,folktables,fast_loading,featurization_3,logistic_regression
0,142573.67,37161.79,3.84,4.01,5592.85,21,10.5,data_cleaning,reviews,fast_loading,featurization_2,logistic_regression
0,13851.35,3345.69,4.14,4.02,1422.66,9,4.5,feature_importance,folktables,slow_loading,featurization_2,xgboost
0,39433.31,4338.12,9.09,4.02,633.07,33,16.5,data_corruption,folktables,fast_loading,featurization_4,xgboost
0,9826.36,2410.85,4.08,4.04,992.98,9,4.5,feature_importance,folktables,fast_loading,featurization_2,logistic_regression
0,16120.01,3493.9,4.61,4.06,298.3,33,16.5,data_corruption,folktables,fast_loading,featurization_1,logistic_regression
0,6481.3,1210.38,5.35,4.11,413.42,12,6.0,feature_importance,cardio,fast_loading,featurization_3,logistic_regression
0,11061.71,2656.3,4.16,4.11,1127.97,9,4.5,feature_importance,folktables,slow_loading,featurization_3,logistic_regression
0,10649.1,2574.79,4.14,4.12,1085.41,9,4.5,feature_importance,folktables,slow_loading,featurization_2,logistic_regression
0,46109.18,4632.86,9.95,4.13,1227.18,33,16.5,data_corruption,folktables,fast_loading,featurization_0,xgboost
0,10339.44,2473.94,4.18,4.14,1056.16,9,4.5,feature_importance,folktables,fast_loading,featurization_3,logistic_regression
0,7456.52,1480.31,5.04,4.15,509.44,12,6.0,feature_importance,cardio,slow_loading,featurization_3,logistic_regression
0,154015.62,38640.74,3.99,4.17,6100.78,21,10.5,data_cleaning,reviews,slow_loading,featurization_2,logistic_regression
0,152159.84,52068.83,2.92,4.18,5765.91,21,10.5,data_cleaning,reviews,fast_loading,featurization_1,xgboost
0,195144.71,16928.22,11.53,4.19,5592.74,34,17.0,data_corruption,cardio,slow_loading,featurization_1,neural_network
0,128497.34,32684.82,3.93,4.2,4874.45,21,10.5,data_cleaning,reviews,fast_loading,featurization_1,logistic_regression
0,21656.68,4353.01,4.98,4.24,1756.48,12,6.0,feature_importance,cardio,fast_loading,featurization_4,xgboost
0,144948.69,46854.18,3.09,4.25,5551.51,21,10.5,data_cleaning,reviews,fast_loading,featurization_0,xgboost
0,30973.39,4674.86,6.63,4.26,747.34,33,16.5,data_corruption,folktables,slow_loading,featurization_1,xgboost
0,6002.41,1250.8,4.8,4.27,429.28,12,6.0,feature_importance,cardio,slow_loading,featurization_2,logistic_regression
0,158844.01,52897.68,3.0,4.3,6245.74,21,10.5,data_cleaning,reviews,slow_loading,featurization_1,xgboost
0,16403.32,3305.98,4.96,4.34,1239.16,12,6.0,feature_importance,cardio,slow_loading,featurization_1,xgboost
0,127784.98,31891.48,4.01,4.35,4802.45,21,10.5,data_cleaning,reviews,fast_loading,featurization_0,logistic_regression
0,5478.36,1096.54,5.0,4.38,395.21,12,6.0,feature_importance,cardio,slow_loading,featurization_0,logistic_regression
0,25728.64,2437.7,10.55,4.4,708.38,34,17.0,data_corruption,cardio,fast_loading,featurization_0,xgboost
0,142182.15,34505.97,4.12,4.4,5488.9,21,10.5,data_cleaning,reviews,slow_loading,featurization_1,logistic_regression
0,153748.6,47667.26,3.23,4.41,6037.03,21,10.5,data_cleaning,reviews,slow_loading,featurization_0,xgboost
0,199293.19,17356.72,11.48,4.43,5852.55,34,17.0,data_corruption,cardio,slow_loading,featurization_4,neural_network
0,366751.88,58711.84,6.25,4.43,12875.03,26,13.0,data_corruption,reviews,fast_loading,featurization_2,neural_network
0,11047.4,2257.61,4.89,4.44,822.31,12,6.0,feature_importance,cardio,fast_loading,featurization_1,logistic_regression
0,12169.05,2507.27,4.85,4.45,927.27,12,6.0,feature_importance,cardio,slow_loading,featurization_1,logistic_regression
0,21540.89,4174.89,5.16,4.46,1725.45,12,6.0,feature_importance,cardio,slow_loading,featurization_4,xgboost
0,45098.71,4415.82,10.21,4.49,745.84,33,16.5,data_corruption,folktables,slow_loading,featurization_4,xgboost
0,27850.76,2709.99,10.28,4.49,794.18,34,17.0,data_corruption,cardio,fast_loading,featurization_2,xgboost
0,141046.96,33696.5,4.19,4.53,5395.16,21,10.5,data_cleaning,reviews,slow_loading,featurization_0,logistic_regression
0,17926.41,3534.04,5.07,4.57,351.31,33,16.5,data_corruption,folktables,slow_loading,featurization_1,logistic_regression
0,15561.41,3039.84,5.12,4.59,262.73,33,16.5,data_corruption,folktables,fast_loading,featurization_4,logistic_regression
0,379953.53,59184.78,6.42,4.61,13101.73,26,13.0,data_corruption,reviews,slow_loading,featurization_2,neural_network
0,12104.11,2356.44,5.14,4.67,808.53,12,6.0,feature_importance,cardio,fast_loading,featurization_4,logistic_regression
0,56376.38,3736.61,15.09,4.67,1163.73,34,17.0,data_corruption,cardio,fast_loading,featurization_3,xgboost
0,15255.93,2932.38,5.2,4.7,1036.24,12,6.0,feature_importance,cardio,slow_loading,featurization_4,logistic_regression
0,48476.3,4512.81,10.74,4.74,1303.86,33,16.5,data_corruption,folktables,fast_loading,featurization_0,logistic_regression
0,506867.85,361892.1,1.4,4.82,18624.67,21,10.5,data_cleaning,reviews,slow_loading,featurization_2,xgboost
0,49327.6,4756.14,10.37,4.84,1335.76,33,16.5,data_corruption,folktables,slow_loading,featurization_0,xgboost
0,264432.82,41808.86,6.32,5.0,8675.25,26,13.0,data_corruption,reviews,fast_loading,featurization_1,neural_network
0,261869.39,41022.35,6.38,5.04,8553.65,26,13.0,data_corruption,reviews,fast_loading,featurization_0,neural_network
0,30868.75,10896.71,2.83,5.16,2232.56,13,6.5,operator_impact,healthcare,slow_loading,featurization_3,neural_network
0,31006.57,11133.06,2.79,5.18,2243.99,13,6.5,operator_impact,healthcare,fast_loading,featurization_3,neural_network
0,266506.22,41544.19,6.42,5.18,8831.31,26,13.0,data_corruption,reviews,slow_loading,featurization_0,neural_network
0,17672.38,3097.87,5.7,5.21,344.37,33,16.5,data_corruption,folktables,slow_loading,featurization_4,logistic_regression
0,269527.41,41838.44,6.44,5.22,8872.39,26,13.0,data_corruption,reviews,slow_loading,featurization_1,neural_network
0,29007.18,2757.66,10.52,5.51,827.01,34,17.0,data_corruption,cardio,slow_loading,featurization_0,xgboost
0,26473.23,6678.51,3.96,5.54,1952.85,13,6.5,operator_impact,healthcare,fast_loading,featurization_3,xgboost
0,23457.39,4192.08,5.6,5.61,1766.01,13,6.5,operator_impact,healthcare,fast_loading,featurization_3,logistic_regression
0,134541.3,18210.92,7.39,5.7,5687.32,21,10.5,data_corruption,sneakers,fast_loading,image,image
0,26994.03,6585.12,4.1,5.78,1973.99,13,6.5,operator_impact,healthcare,slow_loading,featurization_3,xgboost
0,23479.81,4022.13,5.84,5.86,1762.89,13,6.5,operator_impact,healthcare,slow_loading,featurization_3,logistic_regression
0,51369.61,4500.43,11.41,5.91,1366.92,33,16.5,data_corruption,folktables,slow_loading,featurization_0,logistic_regression
0,163068.92,14344.85,11.37,5.93,4835.92,33,16.5,data_corruption,folktables,fast_loading,featurization_2,neural_network
0,56405.18,3958.09,14.25,5.94,1223.73,34,17.0,data_corruption,cardio,slow_loading,featurization_3,xgboost
0,138705.05,18181.09,7.63,5.96,5934.41,21,10.5,data_corruption,sneakers,slow_loading,image,image
0,162583.92,14316.07,11.36,5.96,4769.24,33,16.5,data_corruption,folktables,fast_loading,featurization_3,neural_network
0,30714.39,2870.27,10.7,5.99,865.45,34,17.0,data_corruption,cardio,slow_loading,featurization_2,xgboost
0,165734.22,14617.95,11.34,6.11,4913.46,33,16.5,data_corruption,folktables,slow_loading,featurization_3,neural_network
0,165120.77,14303.21,11.54,6.15,4845.68,33,16.5,data_corruption,folktables,slow_loading,featurization_2,neural_network
0,13378.2,1421.71,9.41,6.27,333.54,34,17.0,data_corruption,cardio,fast_loading,featurization_2,logistic_regression
0,195915.03,28661.15,6.84,6.35,5918.58,26,13.0,data_corruption,reviews,fast_loading,featurization_1,xgboost
0,12704.69,1237.67,10.26,6.47,339.55,34,17.0,data_corruption,cardio,fast_loading,featurization_0,logistic_regression
0,206173.3,29446.16,7.0,6.52,6261.5,26,13.0,data_corruption,reviews,slow_loading,featurization_1,xgboost
0,188400.04,26778.85,7.04,6.61,5571.86,26,13.0,data_corruption,reviews,fast_loading,featurization_0,xgboost
0,163142.58,23940.19,6.81,6.73,4795.89,26,13.0,data_corruption,reviews,fast_loading,featurization_0,logistic_regression
0,205854.2,28000.74,7.35,6.75,6102.63,26,13.0,data_corruption,reviews,slow_loading,featurization_0,xgboost
0,171516.85,25114.56,6.83,6.76,4891.99,26,13.0,data_corruption,reviews,fast_loading,featurization_1,logistic_regression
0,182405.17,26533.24,6.87,6.79,5477.94,26,13.0,data_corruption,reviews,slow_loading,featurization_0,logistic_regression
0,249054.69,35686.26,6.98,6.92,8800.14,26,13.0,data_corruption,reviews,slow_loading,featurization_2,logistic_regression
0,189089.35,26978.92,7.01,6.94,5571.07,26,13.0,data_corruption,reviews,slow_loading,featurization_1,logistic_regression
0,72680.41,29187.48,2.49,7.08,2336.97,26,13.0,data_cleaning,healthcare,slow_loading,featurization_3,neural_network
0,658849.98,64266.98,10.25,7.27,22529.08,26,13.0,data_corruption,reviews,slow_loading,featurization_2,xgboost
0,70022.71,26694.44,2.62,7.34,2226.7,26,13.0,data_cleaning,healthcare,slow_loading,featurization_1,neural_network
0,70165.45,27559.64,2.55,7.35,2243.59,26,13.0,data_cleaning,healthcare,fast_loading,featurization_1,neural_network
0,67426.18,23503.64,2.87,7.36,2495.51,26,13.0,data_cleaning,healthcare,fast_loading,featurization_4,neural_network
0,235187.13,31547.42,7.46,7.39,5621.6,26,13.0,data_corruption,reviews,fast_loading,featurization_2,logistic_regression
0,77982.97,28391.45,2.75,7.41,2249.04,26,13.0,data_cleaning,healthcare,slow_loading,featurization_4,neural_network
0,430134.13,51014.43,8.43,7.42,16308.94,26,13.0,data_corruption,reviews,fast_loading,featurization_4,neural_network
0,649840.93,64821.17,10.03,7.45,22086.67,26,13.0,data_corruption,reviews,fast_loading,featurization_2,xgboost
0,1047758.19,129606.93,8.08,7.6,38797.93,26,13.0,data_corruption,reviews,fast_loading,featurization_3,neural_network
0,1098438.61,135333.26,8.12,7.62,41501.67,26,13.0,data_corruption,reviews,slow_loading,featurization_3,neural_network
0,71343.15,27856.58,2.56,7.64,2248.76,26,13.0,data_cleaning,healthcare,fast_loading,featurization_3,neural_network
0,71069.24,27580.44,2.58,7.65,2275.6,26,13.0,data_cleaning,healthcare,slow_loading,featurization_2,neural_network
0,70478.24,27429.75,2.57,7.7,2333.63,26,13.0,data_cleaning,healthcare,fast_loading,featurization_2,neural_network
0,379929.85,44740.91,8.49,7.73,13188.8,26,13.0,data_corruption,reviews,slow_loading,featurization_4,neural_network
0,65978.9,23208.2,2.84,7.87,2144.66,26,13.0,data_cleaning,healthcare,slow_loading,featurization_0,neural_network
0,17144.01,1512.85,11.33,7.99,398.6,34,17.0,data_corruption,cardio,fast_loading,featurization_3,logistic_regression
0,65964.64,23214.91,2.84,8.04,2122.63,26,13.0,data_cleaning,healthcare,fast_loading,featurization_0,neural_network
0,43037.08,3919.94,10.98,8.04,1161.22,34,17.0,data_corruption,cardio,fast_loading,featurization_1,xgboost
0,53334.85,4623.84,11.53,8.1,1514.31,34,17.0,data_corruption,cardio,fast_loading,featurization_4,xgboost
0,15591.22,1400.78,11.13,8.34,429.41,34,17.0,data_corruption,cardio,slow_loading,featurization_0,logistic_regression
0,16669.45,1567.8,10.63,8.44,432.99,34,17.0,data_corruption,cardio,slow_loading,featurization_2,logistic_regression
0,45834.83,4100.93,11.18,8.67,1237.58,34,17.0,data_corruption,cardio,slow_loading,featurization_1,xgboost
0,1250745.88,128008.08,9.77,8.69,45242.69,26,13.0,data_corruption,reviews,slow_loading,featurization_3,xgboost
0,875628.84,100595.04,8.7,8.69,32770.83,26,13.0,data_corruption,reviews,slow_loading,featurization_3,logistic_regression
0,1284471.0,131775.08,9.75,8.72,46451.29,26,13.0,data_corruption,reviews,fast_loading,featurization_3,xgboost
0,58578.42,4792.3,12.22,8.88,1569.37,34,17.0,data_corruption,cardio,slow_loading,featurization_4,xgboost
0,941035.13,104766.97,8.98,8.97,34631.85,26,13.0,data_corruption,reviews,fast_loading,featurization_3,logistic_regression
0,51249.17,9013.27,5.69,9.02,1765.44,26,13.0,data_cleaning,healthcare,fast_loading,featurization_3,logistic_regression
0,52265.39,8792.62,5.94,9.08,1794.07,26,13.0,data_cleaning,healthcare,slow_loading,featurization_3,logistic_regression
0,56891.01,14318.04,3.97,9.24,1959.36,26,13.0,data_cleaning,healthcare,slow_loading,featurization_2,xgboost
0,56004.19,13681.13,4.09,9.27,1947.6,26,13.0,data_cleaning,healthcare,fast_loading,featurization_3,xgboost
0,56360.45,14522.74,3.88,9.33,1955.02,26,13.0,data_cleaning,healthcare,fast_loading,featurization_1,xgboost
0,50942.78,8631.56,5.9,9.36,1770.36,26,13.0,data_cleaning,healthcare,fast_loading,featurization_2,logistic_regression
0,65242.39,16420.65,3.97,9.37,1983.57,26,13.0,data_cleaning,healthcare,slow_loading,featurization_4,xgboost
0,59331.18,15099.84,3.93,9.41,1974.95,26,13.0,data_cleaning,healthcare,slow_loading,featurization_3,xgboost
0,390550.97,38437.66,10.16,9.42,13723.76,26,13.0,data_corruption,reviews,fast_loading,featurization_4,xgboost
0,19292.12,1561.23,12.36,9.44,477.95,34,17.0,data_corruption,cardio,slow_loading,featurization_3,logistic_regression
0,57675.68,14371.88,4.01,9.56,2043.54,26,13.0,data_cleaning,healthcare,fast_loading,featurization_2,xgboost
0,52440.0,9445.15,5.55,9.59,1776.42,26,13.0,data_cleaning,healthcare,fast_loading,featurization_4,logistic_regression
0,56033.78,13728.97,4.08,9.6,1940.89,26,13.0,data_cleaning,healthcare,fast_loading,featurization_4,xgboost
0,51207.86,8440.41,6.07,9.6,1777.56,26,13.0,data_cleaning,healthcare,slow_loading,featurization_2,logistic_regression
0,56780.58,14015.79,4.05,9.61,1968.4,26,13.0,data_cleaning,healthcare,slow_loading,featurization_1,xgboost
0,370871.85,36139.69,10.26,9.7,12829.83,26,13.0,data_corruption,reviews,slow_loading,featurization_4,xgboost
0,31470.6,2811.48,11.19,9.71,797.53,34,17.0,data_corruption,cardio,fast_loading,featurization_4,logistic_regression
0,50944.47,8472.35,6.01,9.72,1765.21,26,13.0,data_cleaning,healthcare,fast_loading,featurization_1,logistic_regression
0,280786.99,28545.81,9.84,9.78,9346.84,26,13.0,data_corruption,reviews,fast_loading,featurization_4,logistic_regression
0,52064.64,8586.01,6.06,9.78,1782.56,26,13.0,data_cleaning,healthcare,slow_loading,featurization_4,logistic_regression
0,30043.54,2722.15,11.04,9.85,821.94,34,17.0,data_corruption,cardio,fast_loading,featurization_1,logistic_regression
0,51693.63,8328.03,6.21,9.85,1794.07,26,13.0,data_cleaning,healthcare,slow_loading,featurization_1,logistic_regression
0,57348.64,13739.76,4.17,9.9,1960.79,26,13.0,data_cleaning,healthcare,slow_loading,featurization_0,xgboost
0,48978.65,4375.02,11.2,9.91,1373.25,33,16.5,data_corruption,folktables,fast_loading,featurization_2,xgboost
0,289998.03,29084.34,9.97,9.92,9587.61,26,13.0,data_corruption,reviews,slow_loading,featurization_4,logistic_regression
0,55969.06,13813.53,4.05,9.93,1929.83,26,13.0,data_cleaning,healthcare,fast_loading,featurization_0,xgboost
0,50813.95,8118.04,6.26,10.05,1752.94,26,13.0,data_cleaning,healthcare,fast_loading,featurization_0,logistic_regression
0,50379.94,7845.26,6.42,10.05,1750.79,26,13.0,data_cleaning,healthcare,slow_loading,featurization_0,logistic_regression
0,52924.56,4467.45,11.85,10.18,1441.3,33,16.5,data_corruption,folktables,slow_loading,featurization_2,xgboost
0,33227.16,2957.25,11.24,10.28,933.0,34,17.0,data_corruption,cardio,slow_loading,featurization_1,logistic_regression
0,59239.08,4544.62,13.03,10.5,1480.54,33,16.5,data_corruption,folktables,slow_loading,featurization_3,xgboost
0,35044.63,2917.9,12.01,10.65,877.0,34,17.0,data_corruption,cardio,slow_loading,featurization_4,logistic_regression
0,68567.47,5964.34,11.5,10.77,2120.82,31,15.5,data_corruption,healthcare,fast_loading,featurization_4,neural_network
0,58117.87,4401.38,13.2,10.81,1415.45,33,16.5,data_corruption,folktables,fast_loading,featurization_3,xgboost
0,37489.64,3315.46,11.31,11.03,1028.22,33,16.5,data_corruption,folktables,fast_loading,featurization_2,logistic_regression
0,70349.09,5959.35,11.8,11.11,2176.08,31,15.5,data_corruption,healthcare,slow_loading,featurization_4,neural_network
0,69578.03,5892.66,11.81,11.19,2266.33,31,15.5,data_corruption,healthcare,slow_loading,featurization_0,neural_network
0,38814.76,3351.48,11.58,11.35,1060.79,33,16.5,data_corruption,folktables,fast_loading,featurization_3,logistic_regression
0,41520.7,3518.65,11.8,11.56,1139.72,33,16.5,data_corruption,folktables,slow_loading,featurization_3,logistic_regression
0,39494.55,3339.76,11.83,11.57,1084.84,33,16.5,data_corruption,folktables,slow_loading,featurization_2,logistic_regression
0,70083.94,5580.66,12.56,11.82,2164.18,31,15.5,data_corruption,healthcare,fast_loading,featurization_0,neural_network
0,74123.05,5647.29,13.13,12.35,2285.5,31,15.5,data_corruption,healthcare,slow_loading,featurization_1,neural_network
0,74040.6,5504.99,13.45,12.77,2270.5,31,15.5,data_corruption,healthcare,slow_loading,featurization_2,neural_network
0,66848.23,4761.49,14.04,12.8,2204.95,31,15.5,data_corruption,healthcare,slow_loading,featurization_3,xgboost
0,66303.4,4770.46,13.9,12.99,2026.39,31,15.5,data_corruption,healthcare,slow_loading,featurization_4,xgboost
0,72255.51,5266.19,13.72,13.05,2243.49,31,15.5,data_corruption,healthcare,fast_loading,featurization_3,neural_network
0,73597.31,5316.49,13.84,13.21,2260.35,31,15.5,data_corruption,healthcare,fast_loading,featurization_2,neural_network
0,74553.8,5361.24,13.91,13.32,2279.89,31,15.5,data_corruption,healthcare,slow_loading,featurization_3,neural_network
0,74809.1,4705.74,15.9,13.5,1979.33,31,15.5,data_corruption,healthcare,fast_loading,featurization_3,xgboost
0,55263.35,4080.52,13.54,13.54,1758.13,31,15.5,data_corruption,healthcare,fast_loading,featurization_3,logistic_regression
0,73647.39,5180.13,14.22,13.57,2253.28,31,15.5,data_corruption,healthcare,fast_loading,featurization_1,neural_network
0,63574.28,4416.71,14.39,13.65,1939.64,31,15.5,data_corruption,healthcare,fast_loading,featurization_1,xgboost
0,56159.68,4104.66,13.68,13.68,1784.84,31,15.5,data_corruption,healthcare,slow_loading,featurization_3,logistic_regression
0,61879.38,4445.12,13.92,13.74,1955.22,31,15.5,data_corruption,healthcare,fast_loading,featurization_4,xgboost
0,57355.95,4160.25,13.79,13.79,1794.21,31,15.5,data_corruption,healthcare,slow_loading,featurization_4,logistic_regression
0,54847.0,3966.08,13.83,13.83,1741.19,31,15.5,data_corruption,healthcare,fast_loading,featurization_4,logistic_regression
0,54906.1,3966.98,13.84,13.84,1751.75,31,15.5,data_corruption,healthcare,fast_loading,featurization_2,logistic_regression
0,65978.98,4426.04,14.91,13.86,1957.33,31,15.5,data_corruption,healthcare,slow_loading,featurization_2,xgboost
0,54691.9,3942.31,13.87,13.87,1724.22,31,15.5,data_corruption,healthcare,fast_loading,featurization_1,logistic_regression
0,61151.52,4366.81,14.0,13.87,1936.35,31,15.5,data_corruption,healthcare,fast_loading,featurization_2,xgboost
0,60439.87,4290.57,14.09,13.96,1927.2,31,15.5,data_corruption,healthcare,slow_loading,featurization_0,xgboost
0,55585.97,3975.98,13.98,13.98,1750.21,31,15.5,data_corruption,healthcare,slow_loading,featurization_2,logistic_regression
0,56120.58,4010.4,13.99,13.99,1770.68,31,15.5,data_corruption,healthcare,slow_loading,featurization_1,logistic_regression
0,61445.62,4340.17,14.16,14.02,1933.18,31,15.5,data_corruption,healthcare,fast_loading,featurization_0,xgboost
0,54636.43,3885.72,14.06,14.06,1758.29,31,15.5,data_corruption,healthcare,fast_loading,featurization_0,logistic_regression
0,55885.58,3945.64,14.16,14.16,1765.32,31,15.5,data_corruption,healthcare,slow_loading,featurization_0,logistic_regression
0,71200.11,4379.44,16.26,14.68,1924.09,31,15.5,data_corruption,healthcare,slow_loading,featurization_1,xgboost
