,median_no_opt,median_opt,median_speedup,median_original_with_instrum,median_speedup_excluding_model_training,median_no_opt_wo_orig,median_opt_wo_orig,median_opt_plan_generation,median_opt_mqo,median_opt_other_runtime,opt_original_pipeline_estimated,variant_count_including_orig,max_possible_speedup,scenario,dataset,data_loading,featurization,model
0,797.82,801.97,0.99,481.3,0.99,316.53,320.67,4.32,1.73,8.77,312.69,2,1.0,operator_impact,cardio,fast_loading,featurization_0,logistic_regression
0,2763.77,2793.4,0.99,1457.14,0.94,1306.63,1336.26,3.95,1.65,28.4,1299.16,2,1.0,operator_impact,folktables,fast_loading,featurization_0,logistic_regression
0,8226.4,8230.7,1.0,4182.25,1.0,4044.15,4048.45,4.14,1.71,8.19,4033.06,2,1.0,operator_impact,folktables,fast_loading,featurization_0,xgboost
0,5671.23,5677.0,1.0,2893.73,1.0,2777.5,2783.28,4.08,1.66,34.75,2742.52,2,1.0,operator_impact,folktables,fast_loading,featurization_0,neural_network
0,3048.25,3055.19,1.0,1604.47,0.99,1443.78,1450.72,4.24,1.75,10.76,1438.54,2,1.0,operator_impact,cardio,fast_loading,featurization_0,xgboost
0,31717.74,31270.93,1.01,4479.2,1.25,27238.54,26791.73,0.09,2.14,0.81,4333.04,3,1.5,data_cleaning,sneakers,fast_loading,image,image
0,167762.25,165719.54,1.01,4304.93,1.24,163457.32,161414.61,1.01,172.85,178.21,4124.65,34,17.0,data_cleaning,folktables,fast_loading,featurization_0,xgboost
0,124921.5,123271.08,1.01,2995.28,1.27,121926.22,120275.8,1.05,172.19,741.72,2840.99,34,17.0,data_cleaning,folktables,fast_loading,featurization_0,neural_network
0,9557.3,9423.22,1.01,4776.39,1.15,4780.91,4646.84,4.39,1.71,13.73,4589.44,2,1.0,operator_impact,cardio,fast_loading,featurization_0,neural_network
0,47053.99,46377.69,1.01,5449.7,1.24,41604.29,40927.99,5.24,18.8,102.15,5241.04,9,4.5,operator_impact,cardio,fast_loading,featurization_2,neural_network
0,261889.78,255662.62,1.02,5614.73,1.54,256275.05,250047.89,1.37,273.21,282.66,5401.36,43,21.5,data_cleaning,cardio,fast_loading,featurization_1,neural_network
0,235987.73,230465.39,1.02,4694.01,1.18,231293.71,225771.38,1.37,268.0,434.53,4482.35,43,21.5,data_cleaning,cardio,fast_loading,featurization_2,neural_network
0,268182.26,263163.32,1.02,5406.73,1.18,262775.53,257756.59,1.25,243.85,472.22,5223.53,43,21.5,data_cleaning,cardio,fast_loading,featurization_0,neural_network
0,56611.02,54842.86,1.03,1458.18,1.47,55152.84,53384.68,0.94,166.56,373.6,1262.82,34,17.0,data_cleaning,folktables,fast_loading,featurization_0,logistic_regression
0,53843.04,52241.03,1.03,5551.55,1.66,48291.49,46689.48,5.9,23.45,3.31,5328.01,10,5.0,operator_impact,cardio,fast_loading,featurization_3,neural_network
0,38812.97,37573.1,1.03,4006.91,1.42,34806.06,33566.19,4.97,20.86,100.11,3817.37,10,5.0,operator_impact,folktables,fast_loading,featurization_4,neural_network
0,153779.5,147534.33,1.04,3746.0,1.46,150033.5,143788.33,1.24,220.61,226.54,3553.63,34,17.0,data_cleaning,folktables,fast_loading,featurization_4,neural_network
0,239806.6,231644.74,1.04,4830.97,1.28,234975.62,226813.77,1.44,290.75,320.74,4606.61,43,21.5,data_cleaning,cardio,fast_loading,featurization_3,neural_network
0,135855.57,130194.38,1.04,2682.18,1.25,133173.39,127512.2,1.34,284.64,386.63,2469.52,43,21.5,data_cleaning,cardio,fast_loading,featurization_3,xgboost
0,168098.22,161731.78,1.04,4083.28,1.36,164014.95,157648.5,1.19,212.0,551.74,3904.96,34,17.0,data_cleaning,folktables,fast_loading,featurization_1,neural_network
0,25150.95,23869.92,1.05,2770.29,1.72,22380.66,21099.63,6.05,23.49,61.76,2553.71,10,5.0,operator_impact,cardio,fast_loading,featurization_3,xgboost
0,93381.18,88786.08,1.05,1662.58,1.2,91718.6,87123.5,1.32,264.77,268.68,1471.23,43,21.5,data_cleaning,cardio,fast_loading,featurization_2,xgboost
0,97611.45,93080.96,1.05,1744.56,1.2,95866.89,91336.4,1.76,239.08,215.07,1544.79,43,21.5,data_cleaning,cardio,fast_loading,featurization_0,xgboost
0,14270.37,13429.64,1.06,1778.45,1.56,12491.93,11651.2,5.76,19.43,25.76,1575.55,9,4.5,operator_impact,cardio,fast_loading,featurization_2,xgboost
0,41075.41,38393.68,1.07,5567.45,1.7,35507.96,32826.23,5.21,16.44,-37.5,5082.39,8,4.0,operator_impact,cardio,fast_loading,featurization_1,neural_network
0,33078.43,30543.41,1.08,4145.25,2.11,28933.17,26398.16,4.95,14.99,-176.25,3953.08,8,4.0,operator_impact,folktables,fast_loading,featurization_1,neural_network
0,255692.21,235800.85,1.08,5217.49,1.7,250474.72,230583.36,1.37,284.7,362.56,5009.1,43,21.5,data_cleaning,cardio,fast_loading,featurization_4,neural_network
0,57433.89,52979.61,1.08,5932.27,2.51,51501.62,47047.33,5.96,23.11,37.56,5703.77,10,5.0,operator_impact,cardio,fast_loading,featurization_4,neural_network
0,47349.79,43524.27,1.09,1210.68,1.45,46139.1,42313.58,1.15,195.42,256.87,1021.93,34,17.0,data_cleaning,folktables,fast_loading,featurization_1,xgboost
0,299640.0,274523.41,1.09,40264.31,2.13,259375.69,234259.1,5.08,127.22,229.67,39939.34,8,4.0,operator_impact,reviews,fast_loading,featurization_2,xgboost
0,7997.97,7174.01,1.11,1138.65,1.79,6859.32,6035.36,4.78,14.35,25.9,973.02,8,4.0,operator_impact,folktables,fast_loading,featurization_1,xgboost
0,37652.17,33789.06,1.11,507.91,1.22,37144.27,33281.15,1.32,268.33,445.61,315.97,43,21.5,data_cleaning,cardio,fast_loading,featurization_2,logistic_regression
0,899521.95,811225.95,1.11,40071.32,3.22,859450.63,771154.63,0.66,98.75,144.19,39751.62,21,10.5,data_cleaning,reviews,fast_loading,featurization_2,xgboost
0,47674.86,42495.84,1.12,1234.94,1.65,46439.92,41260.9,1.22,215.48,226.08,1045.12,34,17.0,data_cleaning,folktables,fast_loading,featurization_4,xgboost
0,149394.16,131882.73,1.13,3030.33,1.68,146363.83,128852.4,1.36,284.79,275.04,2799.56,43,21.5,data_cleaning,cardio,fast_loading,featurization_4,xgboost
0,37163.45,32534.8,1.14,548.38,1.27,36615.08,31986.42,1.21,230.35,222.13,335.73,43,21.5,data_cleaning,cardio,fast_loading,featurization_0,logistic_regression
0,533790.16,468924.35,1.14,43297.26,2.18,490492.9,425627.09,7.05,174.34,32.05,42945.73,13,6.5,operator_impact,reviews,fast_loading,featurization_3,xgboost
0,37016.03,32511.5,1.14,8843.19,1.24,28172.85,23668.31,4.46,104.59,158.36,8536.51,4,2.0,operator_impact,reviews,fast_loading,featurization_0,neural_network
0,180734.24,156967.42,1.15,4634.45,2.09,176099.78,152332.96,1.2,204.57,80.85,4457.73,34,17.0,data_cleaning,folktables,fast_loading,featurization_2,neural_network
0,41677.67,36288.25,1.15,632.13,1.3,41045.54,35656.12,1.31,287.64,330.07,422.54,43,21.5,data_cleaning,cardio,fast_loading,featurization_3,logistic_regression
0,47992.39,41201.05,1.16,4972.25,2.54,43020.14,36228.8,5.12,21.73,368.46,4779.85,10,5.0,operator_impact,folktables,fast_loading,featurization_3,neural_network
0,42074.1,36211.08,1.16,4744.45,2.63,37329.65,31466.62,4.88,17.82,132.74,4571.29,9,4.5,operator_impact,folktables,fast_loading,featurization_2,neural_network
0,183055.12,157619.34,1.16,4593.45,2.17,178461.67,153025.89,1.26,218.5,194.67,4404.82,34,17.0,data_cleaning,folktables,fast_loading,featurization_3,neural_network
0,11084.5,9487.14,1.17,1278.36,2.14,9806.15,8208.79,5.07,22.12,23.25,1080.88,10,5.0,operator_impact,folktables,fast_loading,featurization_4,xgboost
0,29124.58,24997.42,1.17,7158.58,1.24,21966.0,17838.84,4.53,102.47,113.44,6865.01,4,2.0,operator_impact,reviews,fast_loading,featurization_0,xgboost
0,115470.34,99103.79,1.17,2178.14,1.61,113292.2,96925.65,1.39,274.38,540.55,1961.58,43,21.5,data_cleaning,cardio,fast_loading,featurization_1,xgboost
0,28052.07,23867.23,1.18,3039.27,2.52,25012.81,20827.97,5.92,21.25,139.89,2838.23,10,5.0,operator_impact,cardio,fast_loading,featurization_4,xgboost
0,15472.78,12827.3,1.21,2166.75,2.18,13306.03,10660.55,5.51,16.48,87.66,1967.66,8,4.0,operator_impact,cardio,fast_loading,featurization_1,xgboost
0,20712.38,16566.92,1.25,5172.84,1.26,15539.54,11394.07,4.58,103.95,119.75,4851.9,4,2.0,operator_impact,reviews,fast_loading,featurization_0,logistic_regression
0,962629.69,762790.95,1.26,43296.61,3.33,919333.08,719494.34,2.92,122.54,226.78,42854.48,21,10.5,data_cleaning,reviews,fast_loading,featurization_3,xgboost
0,6628.14,5190.04,1.28,2379.85,1.35,4248.29,2810.19,4.55,12.72,272.49,2171.31,3,1.5,operator_impact,healthcare,fast_loading,featurization_0,neural_network
0,17777.28,13823.76,1.29,403.27,1.6,17374.0,13420.49,1.13,197.0,201.39,231.66,34,17.0,data_cleaning,folktables,fast_loading,featurization_1,logistic_regression
0,183316.68,140862.97,1.3,22207.8,2.08,161108.88,118655.18,5.32,134.01,380.87,21881.24,8,4.0,operator_impact,reviews,fast_loading,featurization_4,xgboost
0,101835.59,76360.87,1.33,12546.97,1.99,89288.62,63813.9,5.15,127.83,160.75,12217.33,8,4.0,operator_impact,reviews,fast_loading,featurization_2,neural_network
0,53931.9,40465.49,1.33,8836.79,1.75,45095.1,31628.7,4.84,114.4,286.05,8533.74,6,3.0,operator_impact,reviews,fast_loading,featurization_1,neural_network
0,19543.92,14544.6,1.34,493.8,1.72,19050.12,14050.8,1.23,218.11,231.13,284.89,34,17.0,data_cleaning,folktables,fast_loading,featurization_4,logistic_regression
0,55891.88,40714.1,1.37,1174.79,1.72,54717.09,39539.31,1.27,285.57,75.7,827.46,43,21.5,data_cleaning,cardio,fast_loading,featurization_1,logistic_regression
0,3481.16,2521.21,1.38,545.21,2.33,2935.96,1976.0,5.69,19.18,63.0,339.82,9,4.5,operator_impact,cardio,fast_loading,featurization_2,logistic_regression
0,47640.2,33960.2,1.4,7881.68,1.77,39758.52,26078.52,4.81,114.85,134.39,7575.87,6,3.0,operator_impact,reviews,fast_loading,featurization_1,xgboost
0,5991.29,4275.09,1.4,2114.04,1.46,3877.25,2161.05,4.2,12.13,32.75,1915.71,3,1.5,operator_impact,healthcare,fast_loading,featurization_0,xgboost
0,55465.86,39420.42,1.41,986.19,1.74,54479.67,38434.24,1.33,293.28,311.76,780.45,43,21.5,data_cleaning,cardio,fast_loading,featurization_4,logistic_regression
0,4763.12,3343.76,1.42,655.35,2.88,4107.77,2688.41,5.97,25.54,47.45,424.34,10,5.0,operator_impact,cardio,fast_loading,featurization_3,logistic_regression
0,70690.33,49587.17,1.43,1861.82,2.25,68828.5,47725.34,1.2,203.14,209.52,1692.68,34,17.0,data_cleaning,folktables,fast_loading,featurization_2,xgboost
0,74718.96,52032.27,1.44,1991.97,2.31,72727.0,50040.31,1.19,217.55,226.34,1806.03,34,17.0,data_cleaning,folktables,fast_loading,featurization_3,xgboost
0,205559.78,140087.25,1.47,16071.63,2.06,189488.16,124015.62,5.8,170.39,220.9,15713.83,13,6.5,operator_impact,reviews,fast_loading,featurization_3,neural_network
0,5428.85,3704.18,1.47,1938.34,1.47,3490.51,1765.83,4.23,12.36,17.89,1741.23,3,1.5,operator_impact,healthcare,fast_loading,featurization_0,logistic_regression
0,271255.19,180227.53,1.51,12973.68,2.85,258281.51,167253.86,0.65,100.91,-160.14,12390.3,21,10.5,data_cleaning,reviews,fast_loading,featurization_2,neural_network
0,469279.7,304572.33,1.54,21661.4,3.44,447618.3,282910.93,0.64,103.0,277.22,21341.66,21,10.5,data_cleaning,reviews,fast_loading,featurization_4,xgboost
0,15168.75,9477.8,1.6,1959.98,3.06,13208.76,7517.82,4.85,17.36,43.02,1778.1,9,4.5,operator_impact,folktables,fast_loading,featurization_2,xgboost
0,17318.95,10760.14,1.61,1972.34,3.35,15346.6,8787.8,5.01,20.72,29.25,1790.44,10,5.0,operator_impact,folktables,fast_loading,featurization_3,xgboost
0,106171.35,65710.47,1.62,13233.44,2.05,92937.91,52477.03,5.09,131.75,95.89,12673.19,8,4.0,operator_impact,reviews,fast_loading,featurization_4,neural_network
0,1971.87,1162.83,1.7,390.87,2.29,1581.0,771.96,4.68,14.5,26.56,224.24,8,4.0,operator_impact,folktables,fast_loading,featurization_1,logistic_regression
0,187561.66,106612.76,1.76,9032.4,3.22,178529.26,97580.36,0.68,95.57,418.98,8722.74,21,10.5,data_cleaning,reviews,fast_loading,featurization_1,neural_network
0,6182.85,3522.35,1.76,1020.33,2.79,5162.52,2502.02,5.95,17.03,87.51,821.27,8,4.0,operator_impact,cardio,fast_loading,featurization_1,logistic_regression
0,332750.99,189162.77,1.76,15940.8,3.02,316810.18,173221.96,0.73,117.89,509.32,15589.16,21,10.5,data_cleaning,reviews,fast_loading,featurization_3,neural_network
0,181599.68,101785.64,1.78,8568.97,3.32,173030.72,93216.68,0.55,88.67,206.94,8263.33,21,10.5,data_cleaning,reviews,fast_loading,featurization_0,neural_network
0,30499.69,16831.85,1.81,5180.88,1.85,25318.81,11650.97,4.83,115.01,128.79,4871.85,6,3.0,operator_impact,reviews,fast_loading,featurization_1,logistic_regression
0,169915.2,89512.06,1.9,7884.01,3.44,162031.2,81628.05,0.64,94.67,127.61,7582.45,21,10.5,data_cleaning,reviews,fast_loading,featurization_1,xgboost
0,43172.77,22313.95,1.93,1195.99,2.37,41976.78,21117.96,1.18,204.87,282.96,1016.33,34,17.0,data_cleaning,folktables,fast_loading,featurization_2,logistic_regression
0,44369.89,22842.34,1.94,1232.15,2.38,43137.74,21610.18,1.21,216.38,283.16,1038.11,34,17.0,data_cleaning,folktables,fast_loading,featurization_3,logistic_regression
0,8363.37,4237.19,1.97,1084.95,3.35,7278.42,3152.23,5.54,22.79,222.19,829.2,10,5.0,operator_impact,cardio,fast_loading,featurization_4,logistic_regression
0,14111.88,7142.86,1.98,2469.4,2.68,11642.48,4673.46,4.68,19.98,83.28,2247.14,6,3.0,operator_impact,healthcare,fast_loading,featurization_1,neural_network
0,3116.77,1511.56,2.06,505.68,2.96,2611.1,1005.88,5.58,20.99,34.9,292.89,10,5.0,operator_impact,folktables,fast_loading,featurization_4,logistic_regression
0,79503.74,38450.16,2.07,9864.9,2.12,69638.83,28585.25,5.19,133.51,306.76,9545.33,8,4.0,operator_impact,reviews,fast_loading,featurization_4,logistic_regression
0,153197.12,73546.78,2.08,7135.67,3.47,146061.45,66411.11,0.56,86.23,121.44,6823.24,21,10.5,data_cleaning,reviews,fast_loading,featurization_0,xgboost
0,271252.2,127409.56,2.13,13036.96,3.38,258215.25,114372.6,0.63,104.23,124.86,12570.02,21,10.5,data_cleaning,reviews,fast_loading,featurization_4,neural_network
0,46293.24,20783.37,2.23,5877.99,2.29,40415.25,14905.37,5.05,126.55,194.69,5555.72,8,4.0,operator_impact,reviews,fast_loading,featurization_2,logistic_regression
0,120773.38,53865.43,2.24,9661.07,2.28,111112.31,44204.35,6.03,176.41,240.81,9303.13,13,6.5,operator_impact,reviews,fast_loading,featurization_3,logistic_regression
0,18780.13,8163.49,2.3,2457.48,3.48,16322.65,5706.0,4.94,25.14,34.55,2235.82,8,4.0,operator_impact,healthcare,fast_loading,featurization_2,neural_network
0,11821.17,4886.28,2.42,2154.72,2.82,9666.45,2731.56,4.52,19.08,23.87,1940.56,6,3.0,operator_impact,healthcare,fast_loading,featurization_1,xgboost
0,17915.7,7246.54,2.47,2353.88,3.49,15561.82,4892.66,4.98,26.53,53.53,2128.62,8,4.0,operator_impact,healthcare,fast_loading,featurization_4,neural_network
0,96300.58,38671.54,2.49,16263.44,2.25,80037.14,22408.1,0.13,12.52,79.97,15858.63,6,3.0,feature_importance,reviews,fast_loading,featurization_3,neural_network
0,55520.13,22251.66,2.5,9525.48,2.49,45994.65,12726.19,0.13,17.21,71.21,9153.09,6,3.0,feature_importance,reviews,fast_loading,featurization_3,logistic_regression
0,41748.85,16603.78,2.51,7149.44,2.37,34599.41,9454.34,0.12,9.79,33.07,6858.26,6,3.0,feature_importance,reviews,fast_loading,featurization_0,xgboost
0,74209.94,29465.38,2.52,12562.45,2.18,61647.49,16902.93,0.13,10.9,39.39,12236.32,6,3.0,feature_importance,reviews,fast_loading,featurization_2,neural_network
0,52618.59,20785.11,2.53,8910.48,2.28,43708.11,11874.63,0.13,10.66,222.83,8609.07,6,3.0,feature_importance,reviews,fast_loading,featurization_0,neural_network
0,46094.81,18101.47,2.55,7872.6,2.37,38222.21,10228.87,0.12,10.74,22.54,7556.94,6,3.0,feature_importance,reviews,fast_loading,featurization_1,xgboost
0,52914.13,20664.18,2.56,8874.19,2.33,44039.95,11789.99,0.11,10.49,258.3,8578.61,6,3.0,feature_importance,reviews,fast_loading,featurization_1,neural_network
0,69744.18,27184.26,2.57,2491.89,7.51,67252.29,24692.37,1.01,157.37,156.46,2246.79,26,13.0,data_cleaning,healthcare,fast_loading,featurization_3,neural_network
0,34638.44,13404.51,2.58,6027.32,2.58,28611.12,7377.19,0.13,10.82,-21.63,5702.14,6,3.0,feature_importance,reviews,fast_loading,featurization_2,logistic_regression
0,68860.29,26685.47,2.58,2461.91,7.47,66398.38,24223.56,0.91,132.89,482.06,2248.29,26,13.0,data_cleaning,healthcare,fast_loading,featurization_2,neural_network
0,69050.71,26781.61,2.58,2434.6,7.87,66616.11,24347.02,0.89,123.88,194.58,2228.69,26,13.0,data_cleaning,healthcare,fast_loading,featurization_1,neural_network
0,29919.56,11524.6,2.6,5213.91,2.59,24705.65,6310.7,0.11,10.7,30.89,4902.33,6,3.0,feature_importance,reviews,fast_loading,featurization_1,logistic_regression
0,29710.12,11385.95,2.61,5120.0,2.6,24590.12,6265.95,0.12,9.76,23.35,4829.08,6,3.0,feature_importance,reviews,fast_loading,featurization_0,logistic_regression
0,80746.18,29689.64,2.72,2987.74,7.61,77758.44,26701.9,1.33,183.43,-132.0,2715.98,26,13.0,data_cleaning,healthcare,fast_loading,featurization_4,neural_network
0,30479.7,10923.94,2.79,2509.79,4.97,27969.91,8414.15,5.91,45.77,64.96,2246.33,13,6.5,operator_impact,healthcare,fast_loading,featurization_3,neural_network
0,78591.79,28209.68,2.79,13386.62,2.72,65205.17,14823.05,0.11,11.14,32.7,13070.79,6,3.0,feature_importance,reviews,fast_loading,featurization_4,neural_network
0,65007.04,23143.42,2.81,2335.25,7.41,62671.79,20808.17,0.75,113.44,394.38,2131.17,26,13.0,data_cleaning,healthcare,fast_loading,featurization_0,neural_network
0,10670.45,3753.52,2.84,1936.82,2.85,8733.63,1816.7,4.56,19.25,35.88,1736.08,6,3.0,operator_impact,healthcare,fast_loading,featurization_1,logistic_regression
0,15968.58,5603.12,2.85,2201.47,3.69,13767.11,3401.65,4.95,25.66,29.2,1981.17,8,4.0,operator_impact,healthcare,fast_loading,featurization_4,xgboost
0,260909.92,91218.03,2.86,43496.8,2.41,217413.12,47721.24,0.14,17.55,6.92,42936.76,6,3.0,feature_importance,reviews,fast_loading,featurization_3,xgboost
0,239773.51,83048.34,2.89,40169.83,2.37,199603.67,42878.51,0.13,10.73,25.92,39806.6,6,3.0,feature_importance,reviews,fast_loading,featurization_2,xgboost
0,128475.77,44427.99,2.89,21617.03,2.77,106858.74,22810.96,0.14,11.22,64.09,21284.02,6,3.0,feature_importance,reviews,fast_loading,featurization_4,xgboost
0,8330.38,2835.94,2.94,1185.37,3.47,7145.01,1650.57,5.0,17.54,34.1,1001.55,9,4.5,operator_impact,folktables,fast_loading,featurization_2,logistic_regression
0,56661.82,19293.22,2.94,9623.42,2.93,47038.39,9669.8,0.12,11.07,77.03,9288.44,6,3.0,feature_importance,reviews,fast_loading,featurization_4,logistic_regression
0,16228.47,5424.46,2.99,2223.66,3.72,14004.81,3200.8,5.02,26.12,35.98,2004.0,8,4.0,operator_impact,healthcare,fast_loading,featurization_2,xgboost
0,2293.63,728.96,3.15,411.75,2.89,1881.88,317.2,0.14,16.78,19.77,233.36,9,4.5,feature_importance,folktables,fast_loading,featurization_1,logistic_regression
0,2920.0,916.28,3.19,484.93,2.92,2435.07,431.35,0.16,20.05,68.28,285.41,9,4.5,feature_importance,folktables,fast_loading,featurization_4,logistic_regression
0,12609.59,3846.04,3.28,2014.58,3.28,10595.01,1831.46,0.12,14.69,51.46,1765.41,7,3.5,feature_importance,healthcare,fast_loading,featurization_3,logistic_regression
0,12546.14,3803.46,3.3,1966.8,3.3,10579.33,1836.66,0.11,10.76,74.48,1752.46,7,3.5,feature_importance,healthcare,fast_loading,featurization_0,logistic_regression
0,15612.04,4725.43,3.3,2387.6,3.27,13224.45,2337.83,0.13,14.06,19.32,2162.49,7,3.5,feature_importance,healthcare,fast_loading,featurization_4,neural_network
0,9842.63,2956.96,3.33,1218.04,4.01,8624.6,1738.92,5.63,20.68,33.55,1034.45,10,5.0,operator_impact,folktables,fast_loading,featurization_3,logistic_regression
0,13826.94,4157.04,3.33,2173.97,3.3,11652.97,1983.07,0.13,12.64,13.83,1944.28,7,3.5,feature_importance,healthcare,fast_loading,featurization_2,xgboost
0,13908.0,4175.42,3.33,2198.11,3.32,11709.89,1977.31,0.15,14.42,13.09,1944.04,7,3.5,feature_importance,healthcare,fast_loading,featurization_3,xgboost
0,15388.53,4612.04,3.34,2327.35,3.23,13061.19,2284.69,0.15,11.01,15.02,2121.97,7,3.5,feature_importance,healthcare,fast_loading,featurization_0,neural_network
0,13747.4,4112.29,3.34,2147.66,3.33,11599.75,1964.63,0.12,11.73,6.83,1937.46,7,3.5,feature_importance,healthcare,fast_loading,featurization_1,xgboost
0,12590.67,3773.31,3.34,1982.3,3.34,10608.37,1791.02,0.1,12.28,14.23,1768.2,7,3.5,feature_importance,healthcare,fast_loading,featurization_2,logistic_regression
0,12509.27,3742.31,3.34,1969.82,3.34,10539.45,1772.49,0.12,12.88,20.93,1751.28,7,3.5,feature_importance,healthcare,fast_loading,featurization_4,logistic_regression
0,13618.97,4064.11,3.35,2125.4,3.33,11493.58,1938.71,0.13,10.8,12.41,1910.64,7,3.5,feature_importance,healthcare,fast_loading,featurization_0,xgboost
0,12452.22,3721.56,3.35,1959.46,3.35,10492.76,1762.1,0.13,11.63,7.08,1753.81,7,3.5,feature_importance,healthcare,fast_loading,featurization_1,logistic_regression
0,14072.49,4188.94,3.36,2185.25,3.34,11887.23,2003.68,0.13,12.69,19.29,1963.49,7,3.5,feature_importance,healthcare,fast_loading,featurization_4,xgboost
0,16339.7,4866.08,3.36,2484.74,3.26,13854.96,2381.34,0.14,15.13,61.69,2238.18,7,3.5,feature_importance,healthcare,fast_loading,featurization_3,neural_network
0,16377.95,4814.12,3.4,2461.5,3.31,13916.45,2352.62,0.12,12.68,20.83,2240.7,7,3.5,feature_importance,healthcare,fast_loading,featurization_2,neural_network
0,16330.19,4733.26,3.45,2448.32,3.36,13881.87,2284.94,0.13,12.28,16.04,2243.24,7,3.5,feature_importance,healthcare,fast_loading,featurization_1,neural_network
0,9372.65,2682.25,3.49,1174.4,2.04,8198.25,1507.85,0.14,17.06,44.92,1002.81,9,4.5,feature_importance,folktables,fast_loading,featurization_1,xgboost
0,200083.73,57104.7,3.5,9564.2,3.59,190519.53,47540.5,1.54,122.97,253.07,9198.9,21,10.5,data_cleaning,reviews,fast_loading,featurization_3,logistic_regression
0,10050.15,2853.66,3.52,1289.0,2.28,8761.14,1564.65,0.21,18.58,23.8,1087.1,9,4.5,feature_importance,folktables,fast_loading,featurization_4,xgboost
0,125630.89,35356.21,3.55,5958.76,3.73,119672.13,29397.45,0.66,101.23,193.11,5575.7,21,10.5,data_cleaning,reviews,fast_loading,featurization_2,logistic_regression
0,198939.58,55637.04,3.58,9453.8,3.75,189485.77,46183.23,0.67,105.45,53.95,9110.54,21,10.5,data_cleaning,reviews,fast_loading,featurization_4,logistic_regression
0,65747.4,17985.63,3.66,2622.3,9.49,63125.1,15363.33,1.18,138.31,132.14,2290.28,26,13.0,data_cleaning,healthcare,fast_loading,featurization_4,xgboost
0,14464.81,3894.81,3.71,2003.28,3.74,12461.53,1891.53,5.14,26.58,46.44,1765.88,8,4.0,operator_impact,healthcare,fast_loading,featurization_4,logistic_regression
0,14322.32,3845.9,3.72,1980.83,3.73,12341.49,1865.07,4.83,24.89,39.75,1762.3,8,4.0,operator_impact,healthcare,fast_loading,featurization_2,logistic_regression
0,110070.29,29496.45,3.73,5172.25,4.07,104898.04,24324.2,0.59,88.01,102.65,4869.43,21,10.5,data_cleaning,reviews,fast_loading,featurization_0,logistic_regression
0,109550.59,29226.61,3.75,5205.19,4.03,104345.39,24021.41,0.65,93.9,115.68,4894.55,21,10.5,data_cleaning,reviews,fast_loading,featurization_1,logistic_regression
0,35672.94,9200.29,3.88,4223.33,1.7,31449.61,4976.96,0.16,19.53,103.3,4026.64,9,4.5,feature_importance,folktables,fast_loading,featurization_4,neural_network
0,16503.52,4251.17,3.88,2003.61,3.47,14499.91,2247.56,0.15,17.93,17.1,1821.59,9,4.5,feature_importance,folktables,fast_loading,featurization_3,xgboost
0,16008.05,4130.44,3.88,1948.53,3.5,14059.52,2181.9,0.15,18.07,1.81,1763.65,9,4.5,feature_importance,folktables,fast_loading,featurization_2,xgboost
0,33128.76,8498.98,3.9,3846.52,1.72,29282.24,4652.46,0.15,17.6,4.72,3650.3,9,4.5,feature_importance,folktables,fast_loading,featurization_1,neural_network
0,55982.37,14233.83,3.93,2204.61,9.21,53777.77,12029.22,0.95,153.9,343.02,1935.89,26,13.0,data_cleaning,healthcare,fast_loading,featurization_3,xgboost
0,43605.28,10958.61,3.98,4954.27,2.92,38651.01,6004.34,0.14,18.82,275.76,4754.13,9,4.5,feature_importance,folktables,fast_loading,featurization_3,neural_network
0,55334.81,13902.27,3.98,2148.52,9.58,53186.3,11753.76,0.8,131.08,138.99,1933.31,26,13.0,data_cleaning,healthcare,fast_loading,featurization_2,xgboost
0,27740.44,6935.25,4.0,3144.34,1.96,24596.1,3790.91,0.13,15.33,-9.69,2993.21,9,4.5,feature_importance,folktables,fast_loading,featurization_0,neural_network
0,9401.0,2344.17,4.01,1249.39,3.96,8151.61,1094.78,0.18,18.12,31.3,1058.93,9,4.5,feature_importance,folktables,fast_loading,featurization_3,logistic_regression
0,55805.46,13843.22,4.03,2151.15,9.77,53654.31,11692.07,0.73,121.87,137.48,1944.83,26,13.0,data_cleaning,healthcare,fast_loading,featurization_1,xgboost
0,25689.63,6332.45,4.06,2225.71,5.87,23463.92,4106.74,5.64,44.52,54.26,1959.51,13,6.5,operator_impact,healthcare,fast_loading,featurization_3,xgboost
0,9132.25,2237.91,4.08,1181.68,4.05,7950.57,1056.23,0.14,17.17,32.99,995.04,9,4.5,feature_importance,folktables,fast_loading,featurization_2,logistic_regression
0,55000.88,13449.37,4.09,2122.48,10.02,52878.4,11326.89,0.67,111.74,146.73,1916.84,26,13.0,data_cleaning,healthcare,fast_loading,featurization_0,xgboost
0,43020.88,10505.4,4.1,4935.77,3.13,38085.1,5569.63,0.14,17.84,20.64,4696.23,9,4.5,feature_importance,folktables,fast_loading,featurization_2,neural_network
0,11763.22,2867.06,4.1,1415.59,2.75,10347.63,1451.47,0.13,14.07,54.02,1263.62,9,4.5,feature_importance,folktables,fast_loading,featurization_0,logistic_regression
0,37299.42,8995.29,4.15,4303.26,1.61,32996.16,4692.03,0.14,14.65,18.38,4052.48,9,4.5,feature_importance,folktables,fast_loading,featurization_0,xgboost
0,19294.34,4510.52,4.28,1810.34,1.76,17484.0,2700.18,0.19,28.39,43.5,1600.12,12,6.0,feature_importance,cardio,fast_loading,featurization_2,xgboost
0,18719.67,4334.44,4.32,1725.22,1.68,16994.44,2609.21,0.24,22.62,33.64,1552.46,12,6.0,feature_importance,cardio,fast_loading,featurization_0,xgboost
0,4526.56,1027.16,4.41,558.23,3.32,3968.33,468.93,0.25,27.55,52.29,347.41,12,6.0,feature_importance,cardio,fast_loading,featurization_2,logistic_regression
0,23844.82,5300.74,4.5,2173.9,2.98,21670.92,3126.85,0.26,27.21,7.5,1973.04,12,6.0,feature_importance,cardio,fast_loading,featurization_1,xgboost
0,3973.47,841.03,4.72,473.02,3.53,3500.45,368.01,0.21,21.27,22.81,310.6,12,6.0,feature_importance,cardio,fast_loading,featurization_0,logistic_regression
0,31263.19,6566.95,4.76,2806.9,2.08,28456.29,3760.05,0.19,28.99,94.72,2586.36,12,6.0,feature_importance,cardio,fast_loading,featurization_3,xgboost
0,34137.59,7050.92,4.84,3074.78,3.07,31062.81,3976.14,0.18,26.85,55.6,2832.06,12,6.0,feature_importance,cardio,fast_loading,featurization_4,xgboost
0,59697.08,12073.72,4.94,5203.34,1.65,54493.74,6870.38,0.18,26.47,121.99,4994.65,12,6.0,feature_importance,cardio,fast_loading,featurization_2,neural_network
0,10118.21,2030.29,4.98,1020.11,4.54,9098.1,1010.18,0.19,32.06,64.5,824.44,12,6.0,feature_importance,cardio,fast_loading,featurization_1,logistic_regression
0,5649.25,1113.86,5.07,602.17,3.92,5047.08,511.69,0.18,27.08,35.91,388.26,12,6.0,feature_importance,cardio,fast_loading,featurization_3,logistic_regression
0,10682.55,2100.31,5.09,1051.75,4.45,9630.79,1048.55,0.17,27.21,77.11,821.52,12,6.0,feature_importance,cardio,fast_loading,featurization_4,logistic_regression
0,65413.41,12651.23,5.17,5633.45,1.96,59779.96,7017.78,0.19,30.54,127.45,5410.33,12,6.0,feature_importance,cardio,fast_loading,featurization_3,neural_network
0,64173.74,12339.09,5.2,5729.58,2.47,58444.17,6609.51,0.18,26.83,117.55,5523.84,12,6.0,feature_importance,cardio,fast_loading,featurization_1,neural_network
0,69282.28,13315.13,5.2,5935.71,2.82,63346.58,7379.42,0.19,29.65,99.89,5715.69,12,6.0,feature_importance,cardio,fast_loading,featurization_4,neural_network
0,58565.34,11160.59,5.25,5095.03,1.97,53470.31,6065.56,0.17,21.92,-185.32,4921.18,12,6.0,feature_importance,cardio,fast_loading,featurization_0,neural_network
0,50188.22,8494.23,5.91,2001.17,9.37,48187.04,6493.05,0.93,164.43,335.37,1753.41,26,13.0,data_cleaning,healthcare,fast_loading,featurization_3,logistic_regression
0,50356.96,8515.62,5.91,1978.3,9.45,48378.65,6537.32,0.76,130.72,307.65,1763.17,26,13.0,data_cleaning,healthcare,fast_loading,featurization_2,logistic_regression
0,192635.59,32611.61,5.91,7149.17,4.98,185486.42,25462.43,0.47,59.06,141.68,6851.46,26,13.0,data_corruption,reviews,fast_loading,featurization_0,xgboost
0,23016.86,3888.14,5.92,1996.67,5.94,21020.19,1891.48,5.61,44.08,53.96,1746.1,13,6.5,operator_impact,healthcare,fast_loading,featurization_3,logistic_regression
0,50601.0,8529.55,5.93,1991.66,9.7,48609.34,6537.88,0.81,137.72,236.71,1758.76,26,13.0,data_cleaning,healthcare,fast_loading,featurization_4,logistic_regression
0,438315.21,73532.91,5.96,16633.37,4.52,421681.84,56899.54,0.43,78.19,167.28,16271.44,26,13.0,data_corruption,reviews,fast_loading,featurization_3,neural_network
0,252365.17,42087.86,6.0,9480.14,5.96,242885.03,32607.72,0.47,81.55,121.28,9131.06,26,13.0,data_corruption,reviews,fast_loading,featurization_3,logistic_regression
0,229880.81,37786.0,6.08,8717.58,4.68,221163.23,29068.42,0.43,63.84,307.33,8272.27,26,13.0,data_corruption,reviews,fast_loading,featurization_1,neural_network
0,230541.69,37810.04,6.1,8650.7,4.68,221890.99,29159.34,0.47,59.96,341.95,8285.56,26,13.0,data_corruption,reviews,fast_loading,featurization_0,neural_network
0,344920.32,56446.37,6.11,12719.7,4.14,332200.62,43726.67,0.47,67.02,307.49,12398.97,26,13.0,data_corruption,reviews,fast_loading,featurization_2,neural_network
0,50075.15,8189.68,6.11,1952.4,9.89,48122.75,6237.28,0.76,122.1,147.54,1749.78,26,13.0,data_cleaning,healthcare,fast_loading,featurization_1,logistic_regression
0,9150.97,1479.77,6.18,391.8,5.14,8759.17,1087.96,0.49,88.9,96.03,225.52,33,16.5,data_corruption,folktables,fast_loading,featurization_1,logistic_regression
0,214604.75,34621.17,6.2,7900.8,5.01,206703.95,26720.37,0.44,64.14,214.45,7600.5,26,13.0,data_corruption,reviews,fast_loading,featurization_1,xgboost
0,49948.5,7878.74,6.34,1946.73,10.17,48001.77,5932.02,0.64,112.02,114.12,1750.48,26,13.0,data_cleaning,healthcare,fast_loading,featurization_0,logistic_regression
0,141120.23,21595.87,6.53,5163.12,6.44,135957.12,16432.75,0.47,59.75,92.36,4856.19,26,13.0,data_corruption,reviews,fast_loading,featurization_0,logistic_regression
0,144988.28,22115.29,6.56,5288.85,6.48,139699.43,16826.45,0.47,63.74,18.7,4949.1,26,13.0,data_corruption,reviews,fast_loading,featurization_1,logistic_regression
0,161317.27,24446.44,6.6,5879.92,6.55,155437.34,18566.52,0.47,67.06,208.16,5552.07,26,13.0,data_corruption,reviews,fast_loading,featurization_2,logistic_regression
0,99393.82,14590.94,6.81,4245.96,3.88,95147.86,10344.98,0.44,32.83,297.46,4082.39,21,10.5,data_corruption,sneakers,fast_loading,image,image
0,11619.33,1706.66,6.81,494.98,5.98,11124.36,1211.68,0.56,102.98,121.69,298.48,33,16.5,data_corruption,folktables,fast_loading,featurization_4,logistic_regression
0,37321.26,5026.62,7.42,1286.81,3.22,36034.45,3739.81,0.54,99.37,176.42,1075.83,33,16.5,data_corruption,folktables,fast_loading,featurization_4,xgboost
0,34153.15,4557.41,7.49,1134.46,2.91,33018.69,3422.95,0.5,88.74,96.07,969.37,33,16.5,data_corruption,folktables,fast_loading,featurization_1,xgboost
0,49608.24,6448.48,7.69,1607.73,1.85,48000.51,4840.75,0.58,84.94,89.34,1445.25,34,17.0,data_corruption,cardio,fast_loading,featurization_0,xgboost
0,53888.11,6958.1,7.74,1793.03,2.05,52095.08,5165.07,0.52,110.46,127.91,1584.12,34,17.0,data_corruption,cardio,fast_loading,featurization_2,xgboost
0,65965.41,7809.34,8.45,2152.77,4.1,63812.64,5656.57,0.76,101.65,165.37,1926.24,34,17.0,data_corruption,cardio,fast_loading,featurization_1,xgboost
0,350092.73,40588.27,8.63,13250.23,7.78,336842.5,27338.04,0.45,70.72,292.3,12919.25,26,13.0,data_corruption,reviews,fast_loading,featurization_4,neural_network
0,1126007.18,117077.1,9.62,43102.8,5.12,1082904.37,73974.3,1.73,82.38,310.15,42762.76,26,13.0,data_corruption,reviews,fast_loading,featurization_3,xgboost
0,82887.32,8604.87,9.63,2704.23,2.47,80183.09,5900.64,0.53,105.91,114.0,2487.8,34,17.0,data_corruption,cardio,fast_loading,featurization_3,xgboost
0,61078.67,6275.34,9.73,1968.75,7.43,59109.91,4306.59,0.56,98.41,139.64,1782.69,33,16.5,data_corruption,folktables,fast_loading,featurization_2,xgboost
0,12631.06,1285.89,9.82,552.1,6.4,12078.97,733.79,0.53,111.5,122.57,331.15,34,17.0,data_corruption,cardio,fast_loading,featurization_2,logistic_regression
0,60326.37,6117.88,9.86,1949.0,7.64,58377.38,4168.88,0.48,96.8,84.86,1765.71,33,16.5,data_corruption,folktables,fast_loading,featurization_3,xgboost
0,99665.25,10071.63,9.9,3222.48,4.35,96442.78,6849.15,0.58,118.06,135.13,2985.47,34,17.0,data_corruption,cardio,fast_loading,featurization_4,xgboost
0,94228.76,9437.45,9.98,2891.09,2.44,91337.67,6546.36,0.54,79.84,86.4,2736.95,33,16.5,data_corruption,folktables,fast_loading,featurization_0,neural_network
0,568787.65,55198.46,10.3,21700.72,8.22,547086.93,33497.74,0.47,67.25,34.36,21306.04,26,13.0,data_corruption,reviews,fast_loading,featurization_4,xgboost
0,1051310.2,100368.26,10.47,39962.66,5.09,1011347.54,60405.6,0.46,70.0,122.76,39654.51,26,13.0,data_corruption,reviews,fast_loading,featurization_2,xgboost
0,254930.01,24223.36,10.52,9587.87,10.48,245342.13,14635.49,0.44,68.85,42.05,9254.99,26,13.0,data_corruption,reviews,fast_loading,featurization_4,logistic_regression
0,12239.7,1138.96,10.75,531.17,6.45,11708.53,607.79,0.59,92.16,99.73,339.24,34,17.0,data_corruption,cardio,fast_loading,featurization_0,logistic_regression
0,123426.99,11478.2,10.75,3962.98,2.62,119464.01,7515.22,0.51,90.02,116.82,3789.37,33,16.5,data_corruption,folktables,fast_loading,featurization_1,neural_network
0,135685.16,12537.58,10.82,4296.32,2.91,131388.84,8241.26,0.53,101.37,286.11,4100.08,33,16.5,data_corruption,folktables,fast_loading,featurization_4,neural_network
0,25697.58,2274.09,11.3,955.53,10.11,24742.05,1318.56,0.55,95.4,117.77,766.42,34,17.0,data_corruption,cardio,fast_loading,featurization_1,logistic_regression
0,16217.42,1422.55,11.4,656.8,7.69,15560.62,765.75,0.54,106.39,156.75,385.12,34,17.0,data_corruption,cardio,fast_loading,featurization_3,logistic_regression
0,163567.01,14343.65,11.4,5040.6,2.39,158526.41,9303.04,0.53,106.23,306.95,4762.35,34,17.0,data_corruption,cardio,fast_loading,featurization_3,neural_network
0,160440.26,14027.56,11.44,5149.12,5.98,155291.15,8878.44,0.6,101.71,137.2,4953.74,33,16.5,data_corruption,folktables,fast_loading,featurization_3,neural_network
0,176283.3,15367.65,11.47,5354.84,2.0,170928.47,10012.81,0.53,107.75,227.87,5147.03,34,17.0,data_corruption,cardio,fast_loading,featurization_2,neural_network
0,158451.33,13818.46,11.47,4795.25,1.86,153656.08,9023.21,0.58,87.02,308.12,4629.82,34,17.0,data_corruption,cardio,fast_loading,featurization_0,neural_network
0,46258.63,4034.5,11.47,1465.7,4.69,44792.93,2568.8,0.57,80.32,118.86,1304.6,33,16.5,data_corruption,folktables,fast_loading,featurization_0,logistic_regression
0,162183.45,14067.29,11.53,5101.7,5.87,157081.75,8965.59,0.55,99.55,39.67,4915.91,33,16.5,data_corruption,folktables,fast_loading,featurization_2,neural_network
0,33770.68,2925.16,11.54,1142.03,11.26,32628.64,1783.13,0.53,92.33,118.93,968.43,33,16.5,data_corruption,folktables,fast_loading,featurization_2,logistic_regression
0,191895.83,16616.82,11.55,5880.64,3.57,186015.19,10736.18,0.61,107.42,123.51,5680.08,34,17.0,data_corruption,cardio,fast_loading,featurization_1,neural_network
0,138080.94,11877.07,11.63,4292.79,2.25,133788.15,7584.28,0.54,78.22,84.34,4138.38,33,16.5,data_corruption,folktables,fast_loading,featurization_0,xgboost
0,34910.45,3001.88,11.63,1171.17,11.36,33739.28,1830.72,0.53,99.12,113.89,986.19,33,16.5,data_corruption,folktables,fast_loading,featurization_3,logistic_regression
0,193239.1,16596.18,11.64,5921.72,4.04,187317.38,10674.46,0.53,114.8,161.95,5703.17,34,17.0,data_corruption,cardio,fast_loading,featurization_4,neural_network
0,29059.87,2448.86,11.87,986.27,10.09,28073.6,1462.6,0.52,113.45,216.53,765.28,34,17.0,data_corruption,cardio,fast_loading,featurization_4,logistic_regression
0,68067.0,5605.84,12.14,2363.98,11.51,65703.02,3241.85,0.53,90.2,190.39,2141.55,31,15.5,data_corruption,healthcare,fast_loading,featurization_4,neural_network
0,67396.82,5439.54,12.39,2329.71,11.73,65067.11,3109.83,0.53,74.09,99.62,2119.15,31,15.5,data_corruption,healthcare,fast_loading,featurization_0,neural_network
0,60100.26,4372.03,13.75,2185.18,13.58,57915.08,2186.84,0.48,96.36,112.49,1931.44,31,15.5,data_corruption,healthcare,fast_loading,featurization_3,xgboost
0,60104.32,4339.61,13.85,2169.63,13.71,57934.7,2169.99,0.48,83.94,95.45,1951.56,31,15.5,data_corruption,healthcare,fast_loading,featurization_2,xgboost
0,71218.36,5134.63,13.87,2486.74,13.27,68731.62,2647.89,0.52,97.09,111.55,2233.98,31,15.5,data_corruption,healthcare,fast_loading,featurization_3,neural_network
0,54631.76,3935.56,13.88,1989.31,13.88,52642.45,1946.25,0.48,96.53,107.5,1745.35,31,15.5,data_corruption,healthcare,fast_loading,featurization_3,logistic_regression
0,54943.67,3928.57,13.99,1980.27,13.98,52963.4,1948.31,0.46,83.36,103.65,1758.07,31,15.5,data_corruption,healthcare,fast_loading,featurization_2,logistic_regression
0,61681.94,4404.4,14.0,2228.12,13.85,59453.82,2176.28,0.51,86.24,96.11,1991.22,31,15.5,data_corruption,healthcare,fast_loading,featurization_4,xgboost
0,71154.29,5078.41,14.01,2471.9,13.33,68682.38,2606.5,0.58,85.52,82.18,2249.11,31,15.5,data_corruption,healthcare,fast_loading,featurization_2,neural_network
0,60154.33,4293.43,14.01,2151.34,13.88,58002.99,2142.1,0.5,78.13,89.53,1937.23,31,15.5,data_corruption,healthcare,fast_loading,featurization_1,xgboost
0,54352.93,3870.96,14.04,1976.63,14.04,52376.3,1894.33,0.46,84.96,88.04,1754.08,31,15.5,data_corruption,healthcare,fast_loading,featurization_4,logistic_regression
0,59463.85,4223.49,14.08,2138.54,14.0,57325.31,2084.95,0.46,73.38,83.5,1924.35,31,15.5,data_corruption,healthcare,fast_loading,featurization_0,xgboost
0,54479.9,3864.05,14.1,1956.97,14.1,52522.93,1907.08,0.48,78.53,85.99,1750.04,31,15.5,data_corruption,healthcare,fast_loading,featurization_1,logistic_regression
0,71130.94,5002.8,14.22,2432.7,13.55,68698.24,2570.1,0.58,77.92,83.56,2227.19,31,15.5,data_corruption,healthcare,fast_loading,featurization_1,neural_network
0,54050.8,3793.19,14.25,1929.44,14.25,52121.36,1863.75,0.46,74.62,85.08,1733.78,31,15.5,data_corruption,healthcare,fast_loading,featurization_0,logistic_regression
